# CPUC Meeting Monitor log. Each run appends timestamped (Pacific time) lines.
[2026-06-26 05:04:42 PDT] Run start: target meeting 2026-07-16 (Agenda #3584), 20 days out.
[2026-06-26 05:04:42 PDT] More than 12 days before meeting — no checks performed.
[2026-06-26 11:14:08 PDT] Run start: target meeting 2026-07-16 (Agenda #3584), 20 days out.
[2026-06-26 11:14:08 PDT] More than 12 days before meeting — no checks performed.
[2026-06-26 15:47:41 PDT] Run start: target meeting 2026-07-16 (Agenda #3584), 20 days out.
[2026-06-26 15:47:41 PDT] More than 12 days before meeting — no checks performed.
[2026-06-27 01:19:55 PDT] Run start: target meeting 2026-07-16 (Agenda #3584), 19 days out.
[2026-06-27 01:19:55 PDT] More than 12 days before meeting — no checks performed.
[2026-06-27 05:19:09 PDT] Run start: target meeting 2026-07-16 (Agenda #3584), 19 days out.
[2026-06-27 05:19:09 PDT] More than 12 days before meeting — no checks performed.
[2026-06-27 09:19:55 PDT] Run start: target meeting 2026-07-16 (Agenda #3584), 19 days out.
[2026-06-27 09:19:55 PDT] More than 12 days before meeting — no checks performed.
[2026-06-27 13:37:27 PDT] Run start: target meeting 2026-07-16 (Agenda #3584), 19 days out.
[2026-06-27 13:37:27 PDT] More than 12 days before meeting — no checks performed.
[2026-06-27 17:15:48 PDT] Run start: target meeting 2026-07-16 (Agenda #3584), 19 days out.
[2026-06-27 17:15:48 PDT] More than 12 days before meeting — no checks performed.
[2026-06-28 03:16:18 PDT] Run start: target meeting 2026-07-16 (Agenda #3584), 18 days out.
[2026-06-28 03:16:18 PDT] More than 12 days before meeting — no checks performed.
[2026-06-28 08:07:00 PDT] Run start: target meeting 2026-07-16 (Agenda #3584), 18 days out.
[2026-06-28 08:07:00 PDT] More than 12 days before meeting — no checks performed.
[2026-06-28 12:57:51 PDT] Run start: target meeting 2026-07-16 (Agenda #3584), 18 days out.
[2026-06-28 12:57:51 PDT] More than 12 days before meeting — no checks performed.
[2026-06-28 16:48:22 PDT] Run start: target meeting 2026-07-16 (Agenda #3584), 18 days out.
[2026-06-28 16:48:22 PDT] More than 12 days before meeting — no checks performed.
[2026-06-29 07:39:39 PDT] Run start: target meeting 2026-07-16 (Agenda #3584), 17 days out.
[2026-06-29 07:39:39 PDT] More than 12 days before meeting — no checks performed.
[2026-06-29 13:59:10 PDT] Run start: target meeting 2026-07-16 (Agenda #3584), 17 days out.
[2026-06-29 13:59:10 PDT] More than 12 days before meeting — no checks performed.
[2026-06-30 01:46:48 PDT] Run start: target meeting 2026-07-16 (Agenda #3584), 16 days out.
[2026-06-30 01:46:48 PDT] More than 12 days before meeting — no checks performed.
[2026-06-30 09:38:00 PDT] Run start: target meeting 2026-07-16 (Agenda #3584), 16 days out.
[2026-06-30 09:38:00 PDT] More than 12 days before meeting — no checks performed.
[2026-06-30 13:56:31 PDT] TEST_EMAIL set — sending a test email and exiting.
[2026-06-30 13:56:32 PDT] Email: sent via Brevo to 1 recipient(s).
[2026-06-30 13:56:32 PDT] Test email sent successfully.
[2026-06-30 14:01:58 PDT] TEST_EMAIL set — sending a test email and exiting.
[2026-06-30 14:01:59 PDT] Email: sent via Brevo to 1 recipient(s).
[2026-06-30 14:01:59 PDT] Test email sent successfully.
[2026-06-30 15:02:23 PDT] Run start: target meeting 2026-07-16 (Agenda #3584), 16 days out.
[2026-06-30 15:02:23 PDT] More than 12 days before meeting — no checks performed.
[2026-07-01 03:56:26 PDT] Run start: target meeting 2026-07-16 (Agenda #3584), 15 days out.
[2026-07-01 03:56:26 PDT] More than 12 days before meeting — no checks performed.
[2026-07-01 06:02:08 PDT] TEST_EMAIL set — sending a test email and exiting.
[2026-07-01 06:02:08 PDT] Email: sent via Brevo to 1 recipient(s).
[2026-07-01 06:02:08 PDT] Test email sent successfully.
[2026-07-01 06:06:50 PDT] TEST_EMAIL set — sending a test email and exiting.
[2026-07-01 06:06:51 PDT] Email: sent via Brevo to 1 recipient(s).
[2026-07-01 06:06:51 PDT] Test email sent successfully.
[2026-07-01 06:10:02 PDT] TEST_EMAIL set — sending a test email and exiting.
[2026-07-01 06:10:03 PDT] Email: sent via Brevo to 1 recipient(s).
[2026-07-01 06:10:03 PDT] Test email sent successfully.
[2026-07-01 07:15:26 PDT] TEST_EMAIL set — sending a test email and exiting.
[2026-07-01 07:15:27 PDT] Email: sent via Brevo to 3 recipient(s).
[2026-07-01 07:15:27 PDT] Test email sent successfully.
[2026-07-01 11:20:03 PDT] Run start: target meeting 2026-07-16 (Agenda #3584), 15 days out.
[2026-07-01 11:20:03 PDT] More than 12 days before meeting — no checks performed.
[2026-07-01 15:50:33 PDT] Run start: target meeting 2026-07-16 (Agenda #3584), 15 days out.
[2026-07-01 15:50:33 PDT] More than 12 days before meeting — no checks performed.
[2026-07-02 03:15:49 PDT] Run start: target meeting 2026-07-16 (Agenda #3584), 14 days out.
[2026-07-02 03:15:49 PDT] More than 12 days before meeting — no checks performed.
[2026-07-02 09:30:32 PDT] Run start: target meeting 2026-07-16 (Agenda #3584), 14 days out.
[2026-07-02 09:30:32 PDT] More than 12 days before meeting — no checks performed.
[2026-07-02 13:43:42 PDT] Run start: target meeting 2026-07-16 (Agenda #3584), 14 days out.
[2026-07-02 13:43:42 PDT] More than 12 days before meeting — no checks performed.
[2026-07-02 15:36:17 PDT] Proceeding A2507016: checking Proposed Decisions list.
[2026-07-02 15:36:23 PDT] Proceeding A2507016: 20 PD list entries, 0 match the proceeding + keyword filter.
[2026-07-02 15:36:23 PDT] Run start: target meeting 2026-07-16 (Agenda #3584), 14 days out.
[2026-07-02 15:36:23 PDT] Agenda: checking (14 days out, interval 0:05:00).
[2026-07-02 15:36:42 PDT] Agenda: latest is 'Current Meeting Agenda for July 2, 2026 (Agenda #3583 - #7)'.
[2026-07-02 15:36:42 PDT] Agenda: does not match target 2026-07-16 (Agenda #3584) yet.
[2026-07-02 15:36:42 PDT] Hold List: skipped (agenda not yet confirmed).
[2026-07-02 15:36:42 PDT] Run complete.
[2026-07-02 16:00:13 PDT] TEST_AGENDA_PDF set — checking https://docs.cpuc.ca.gov/PublishedDocs/Published/G000/M609/K934/609934454.PDF
[2026-07-02 16:00:19 PDT] TEST_AGENDA_PDF: extracted 67609 chars; 38 proceeding number(s) found.
[2026-07-02 16:00:19 PDT] TEST_AGENDA_PDF: A2507016 present = False
[2026-07-02 16:00:19 PDT] TEST_AGENDA_PDF: sample proceedings: A.22-02-015, A.22-05-015, A.22-05-016, A.22-08-003, A.23-01-001, A.23-01-008, A.23-10-009, A.23-11-002, A.24-01-005, A.24-01-016, A.24-07-021, A.24-08-004, A.24-11-005, A.24-11-009, A.24-12-001, A.24-12-009, A.25-01-001, A.25-01-009, A.25-02-012, A.25-04-015
[2026-07-02 16:26:42 PDT] TEST_ALERT=agenda-undetermined — sending a sample alert email and exiting.
[2026-07-02 16:26:43 PDT] Email: sent via Brevo to 1 recipient(s).
[2026-07-02 16:26:43 PDT] TEST_ALERT: sample alert sent successfully.
[2026-07-02 17:51:48 PDT] TEST_ALERT=proceeding — sending a sample alert email and exiting.
[2026-07-02 17:51:53 PDT] Proceeding A2507016: could not read Proposed Decision PDF for timeline: HTTPError('404 Client Error: Not Found for url: https://docs.cpuc.ca.gov/PublishedDocs/Published/G000/M620/K333/620333444.PDF')
[2026-07-02 17:51:53 PDT] Email: sent via Brevo to 1 recipient(s).
[2026-07-02 17:51:53 PDT] TEST_ALERT: sample alert sent successfully.
[2026-07-02 18:01:47 PDT] TEST_ALERT=proceeding — sending a sample alert email and exiting.
[2026-07-02 18:01:48 PDT] Proceeding A2507016: could not read Proposed Decision PDF for timeline: HTTPError('404 Client Error: Not Found for url: https://docs.cpuc.ca.gov/PublishedDocs/Published/G000/M620/K333/620333444.PDF')
[2026-07-02 18:01:48 PDT] Email: sent via Brevo to 1 recipient(s).
[2026-07-02 18:01:48 PDT] TEST_ALERT: sample alert sent successfully.
[2026-07-02 18:11:35 PDT] TEST_ALERT=proceeding — sending a sample alert email and exiting.
[2026-07-02 18:11:36 PDT] Proceeding A2507016: could not read Proposed Decision PDF for timeline: HTTPError('404 Client Error: Not Found for url: https://docs.cpuc.ca.gov/PublishedDocs/Published/G000/M620/K333/620333444.PDF')
[2026-07-02 18:11:36 PDT] Email: sent via Brevo to 1 recipient(s).
[2026-07-02 18:11:36 PDT] TEST_ALERT: sample alert sent successfully.
[2026-07-02 18:38:12 PDT] TEST_ALERT=proceeding — sending a sample alert email and exiting.
[2026-07-02 18:38:18 PDT] Proceeding A2507016: could not read Proposed Decision PDF for timeline: HTTPError('404 Client Error: Not Found for url: https://docs.cpuc.ca.gov/PublishedDocs/Published/G000/M620/K333/620333444.PDF')
[2026-07-02 18:38:18 PDT] Email: sent via Brevo to 1 recipient(s).
[2026-07-02 18:38:18 PDT] TEST_ALERT: sample alert sent successfully.
[2026-07-02 18:47:23 PDT] TEST_ALERT=proceeding — sending a sample alert email and exiting.
[2026-07-02 18:47:28 PDT] Proceeding A2507016: could not read Proposed Decision PDF for timeline: HTTPError('404 Client Error: Not Found for url: https://docs.cpuc.ca.gov/PublishedDocs/Published/G000/M620/K333/620333444.PDF')
[2026-07-02 18:47:29 PDT] Email: sent via Brevo to 1 recipient(s).
[2026-07-02 18:47:29 PDT] TEST_ALERT: sample alert sent successfully.
[2026-07-02 18:50:33 PDT] TEST_ALERT=alternate — sending a sample alert email and exiting.
[2026-07-02 18:50:35 PDT] Proceeding A2507016: could not read Alternate Proposed Decision PDF for timeline: HTTPError('404 Client Error: Not Found for url: https://docs.cpuc.ca.gov/PublishedDocs/Published/G000/M620/K333/620333444.PDF')
[2026-07-02 18:50:35 PDT] Email: sent via Brevo to 1 recipient(s).
[2026-07-02 18:50:35 PDT] TEST_ALERT: sample alert sent successfully.
[2026-07-02 18:52:52 PDT] TEST_ALERT=agenda-notfound — sending a sample alert email and exiting.
[2026-07-02 18:52:53 PDT] Email: sent via Brevo to 1 recipient(s).
[2026-07-02 18:52:53 PDT] TEST_ALERT: sample alert sent successfully.
[2026-07-02 18:57:36 PDT] TEST_EMAIL set — sending a test email and exiting.
[2026-07-02 18:57:37 PDT] Email: sent via Brevo to 1 recipient(s).
[2026-07-02 18:57:37 PDT] Test email sent successfully.
[2026-07-02 19:18:31 PDT] TEST_EMAIL set — sending a test email and exiting.
[2026-07-02 19:18:32 PDT] Email: sent via Brevo to 1 recipient(s).
[2026-07-02 19:18:32 PDT] Test email sent successfully.
[2026-07-02 20:54:12 PDT] SEND_UPDATE set — sending the update announcement and exiting.
[2026-07-02 20:54:13 PDT] Email: sent via Brevo to 1 recipient(s).
[2026-07-02 20:54:13 PDT] Update email sent successfully.
[2026-07-02 21:00:12 PDT] SEND_UPDATE set — sending the update announcement and exiting.
[2026-07-02 21:00:13 PDT] Email: sent via Brevo to 1 recipient(s).
[2026-07-02 21:00:13 PDT] Update email sent successfully.
[2026-07-02 21:07:30 PDT] SEND_UPDATE set — sending the update announcement and exiting.
[2026-07-02 21:07:31 PDT] Email: sent via Brevo to 1 recipient(s).
[2026-07-02 21:07:31 PDT] Update email sent successfully.
[2026-07-03 01:37:08 PDT] Proceeding A2507016: checking Proposed Decisions list.
[2026-07-03 01:37:14 PDT] Proceeding A2507016: 20 PD list entries, 0 match the proceeding.
[2026-07-03 01:37:14 PDT] Run start: target meeting 2026-07-16 (Agenda #3584), 13 days out.
[2026-07-03 01:37:14 PDT] Agenda: not due yet (13 days out, interval 1 day, 0:00:00, pre-PD — daily). Last checked 2026-07-02T15:36:17.189094-07:00.
[2026-07-03 01:37:14 PDT] Hold List: skipped (agenda not yet confirmed).
[2026-07-03 01:37:14 PDT] Run complete.
[2026-07-03 08:45:12 PDT] Proceeding A2507016: checking Proposed Decisions list.
[2026-07-03 08:45:15 PDT] Proceeding A2507016: 20 PD list entries, 0 match the proceeding.
[2026-07-03 08:45:15 PDT] Run start: target meeting 2026-07-16 (Agenda #3584), 13 days out.
[2026-07-03 08:45:15 PDT] Agenda: not due yet (13 days out, interval 1 day, 0:00:00, pre-PD — daily). Last checked 2026-07-02T15:36:17.189094-07:00.
[2026-07-03 08:45:15 PDT] Hold List: skipped (agenda not yet confirmed).
[2026-07-03 08:45:15 PDT] Run complete.
[2026-07-03 13:21:13 PDT] Proceeding A2507016: checking Proposed Decisions list.
[2026-07-03 13:21:18 PDT] Proceeding A2507016: 20 PD list entries, 0 match the proceeding.
[2026-07-03 13:21:18 PDT] Run start: target meeting 2026-07-16 (Agenda #3584), 13 days out.
[2026-07-03 13:21:18 PDT] Agenda: not due yet (13 days out, interval 1 day, 0:00:00, pre-PD — daily). Last checked 2026-07-02T15:36:17.189094-07:00.
[2026-07-03 13:21:18 PDT] Hold List: skipped (agenda not yet confirmed).
[2026-07-03 13:21:18 PDT] Run complete.
[2026-07-03 17:16:29 PDT] Proceeding A2507016: checking Proposed Decisions list.
[2026-07-03 17:16:34 PDT] Proceeding A2507016: fetch error: HTTPError('500 Server Error: Internal Server Error for url: https://docs.cpuc.ca.gov/SearchRes.aspx?ProposedDecisions=1&DaySearch=30')
[2026-07-03 17:16:34 PDT] Run start: target meeting 2026-07-16 (Agenda #3584), 13 days out.
[2026-07-03 17:16:34 PDT] Agenda: checking (13 days out, interval 1 day, 0:00:00, pre-PD — daily).
[2026-07-03 17:16:49 PDT] Agenda: latest is 'Current Meeting Agenda for July 2, 2026 (Agenda #3583 - #7)'.
[2026-07-03 17:16:49 PDT] Agenda: does not match target 2026-07-16 (Agenda #3584) yet.
[2026-07-03 17:16:49 PDT] Hold List: skipped (agenda not yet confirmed).
[2026-07-03 17:16:49 PDT] Run complete.
[2026-07-04 02:10:43 PDT] Proceeding A2507016: checking Proposed Decisions list.
[2026-07-04 02:10:48 PDT] Proceeding A2507016: 20 PD list entries, 0 match the proceeding.
[2026-07-04 02:10:48 PDT] Run start: target meeting 2026-07-16 (Agenda #3584), 12 days out.
[2026-07-04 02:10:48 PDT] Agenda: not due yet (12 days out, interval 1 day, 0:00:00, pre-PD — daily). Last checked 2026-07-03T17:16:29.676685-07:00.
[2026-07-04 02:10:48 PDT] Hold List: skipped (agenda not yet confirmed).
[2026-07-04 02:10:48 PDT] Run complete.
[2026-07-04 05:50:11 PDT] Proceeding A2507016: checking Proposed Decisions list.
[2026-07-04 05:50:12 PDT] Proceeding A2507016: 20 PD list entries, 0 match the proceeding.
[2026-07-04 05:50:12 PDT] Run start: target meeting 2026-07-16 (Agenda #3584), 12 days out.
[2026-07-04 05:50:12 PDT] Agenda: not due yet (12 days out, interval 1 day, 0:00:00, pre-PD — daily). Last checked 2026-07-03T17:16:29.676685-07:00.
[2026-07-04 05:50:12 PDT] Hold List: skipped (agenda not yet confirmed).
[2026-07-04 05:50:12 PDT] Run complete.
[2026-07-04 09:34:12 PDT] Proceeding A2507016: checking Proposed Decisions list.
[2026-07-04 09:34:17 PDT] Proceeding A2507016: 20 PD list entries, 0 match the proceeding.
[2026-07-04 09:34:17 PDT] Run start: target meeting 2026-07-16 (Agenda #3584), 12 days out.
[2026-07-04 09:34:17 PDT] Agenda: not due yet (12 days out, interval 1 day, 0:00:00, pre-PD — daily). Last checked 2026-07-03T17:16:29.676685-07:00.
[2026-07-04 09:34:17 PDT] Hold List: skipped (agenda not yet confirmed).
[2026-07-04 09:34:17 PDT] Run complete.
[2026-07-04 13:17:01 PDT] Proceeding A2507016: checking Proposed Decisions list.
[2026-07-04 13:17:02 PDT] Proceeding A2507016: 20 PD list entries, 0 match the proceeding.
[2026-07-04 13:17:02 PDT] Run start: target meeting 2026-07-16 (Agenda #3584), 12 days out.
[2026-07-04 13:17:02 PDT] Agenda: not due yet (12 days out, interval 1 day, 0:00:00, pre-PD — daily). Last checked 2026-07-03T17:16:29.676685-07:00.
[2026-07-04 13:17:02 PDT] Hold List: skipped (agenda not yet confirmed).
[2026-07-04 13:17:02 PDT] Run complete.
[2026-07-04 16:46:18 PDT] Proceeding A2507016: checking Proposed Decisions list.
[2026-07-04 16:46:19 PDT] Proceeding A2507016: 20 PD list entries, 0 match the proceeding.
[2026-07-04 16:46:19 PDT] Run start: target meeting 2026-07-16 (Agenda #3584), 12 days out.
[2026-07-04 16:46:19 PDT] Agenda: not due yet (12 days out, interval 1 day, 0:00:00, pre-PD — daily). Last checked 2026-07-03T17:16:29.676685-07:00.
[2026-07-04 16:46:19 PDT] Hold List: skipped (agenda not yet confirmed).
[2026-07-04 16:46:19 PDT] Run complete.
[2026-07-05 02:46:36 PDT] Proceeding A2507016: checking Proposed Decisions list.
[2026-07-05 02:46:38 PDT] Proceeding A2507016: 20 PD list entries, 0 match the proceeding.
[2026-07-05 02:46:38 PDT] Run start: target meeting 2026-07-16 (Agenda #3584), 11 days out.
[2026-07-05 02:46:38 PDT] Agenda: checking (11 days out, interval 1 day, 0:00:00, pre-PD — daily).
[2026-07-05 02:46:48 PDT] Agenda: latest is 'Current Meeting Agenda for July 2, 2026 (Agenda #3583 - #7)'.
[2026-07-05 02:46:48 PDT] Agenda: does not match target 2026-07-16 (Agenda #3584) yet.
[2026-07-05 02:46:48 PDT] Hold List: skipped (agenda not yet confirmed).
[2026-07-05 02:46:48 PDT] Run complete.
[2026-07-05 08:00:07 PDT] Proceeding A2507016: checking Proposed Decisions list.
[2026-07-05 08:00:09 PDT] Proceeding A2507016: 20 PD list entries, 0 match the proceeding.
[2026-07-05 08:00:09 PDT] Run start: target meeting 2026-07-16 (Agenda #3584), 11 days out.
[2026-07-05 08:00:09 PDT] Agenda: not due yet (11 days out, interval 1 day, 0:00:00, pre-PD — daily). Last checked 2026-07-05T02:46:36.216113-07:00.
[2026-07-05 08:00:09 PDT] Hold List: skipped (agenda not yet confirmed).
[2026-07-05 08:00:09 PDT] Run complete.
[2026-07-05 11:45:57 PDT] Proceeding A2507016: checking Proposed Decisions list.
[2026-07-05 11:46:03 PDT] Proceeding A2507016: 20 PD list entries, 0 match the proceeding.
[2026-07-05 11:46:03 PDT] Run start: target meeting 2026-07-16 (Agenda #3584), 11 days out.
[2026-07-05 11:46:03 PDT] Agenda: not due yet (11 days out, interval 1 day, 0:00:00, pre-PD — daily). Last checked 2026-07-05T02:46:36.216113-07:00.
[2026-07-05 11:46:03 PDT] Hold List: skipped (agenda not yet confirmed).
[2026-07-05 11:46:03 PDT] Run complete.
[2026-07-05 15:15:26 PDT] Proceeding A2507016: checking Proposed Decisions list.
[2026-07-05 15:15:30 PDT] Proceeding A2507016: 20 PD list entries, 0 match the proceeding.
[2026-07-05 15:15:30 PDT] Run start: target meeting 2026-07-16 (Agenda #3584), 11 days out.
[2026-07-05 15:15:30 PDT] Agenda: not due yet (11 days out, interval 1 day, 0:00:00, pre-PD — daily). Last checked 2026-07-05T02:46:36.216113-07:00.
[2026-07-05 15:15:30 PDT] Hold List: skipped (agenda not yet confirmed).
[2026-07-05 15:15:30 PDT] Run complete.
[2026-07-06 05:31:44 PDT] Proceeding A2507016: checking Proposed Decisions list.
[2026-07-06 05:31:45 PDT] Proceeding A2507016: 20 PD list entries, 0 match the proceeding.
[2026-07-06 05:31:45 PDT] Run start: target meeting 2026-07-16 (Agenda #3584), 10 days out.
[2026-07-06 05:31:45 PDT] Agenda: checking (10 days out, interval 1 day, 0:00:00, pre-PD — daily).
[2026-07-06 05:31:55 PDT] Agenda: latest is 'Current Meeting Agenda for July 2, 2026 (Agenda #3583 - #7)'.
[2026-07-06 05:31:55 PDT] Agenda: does not match target 2026-07-16 (Agenda #3584) yet.
[2026-07-06 05:31:55 PDT] Hold List: skipped (agenda not yet confirmed).
[2026-07-06 05:31:55 PDT] Run complete.
[2026-07-06 11:34:51 PDT] SEND_UPDATE set — sending the update announcement and exiting.
[2026-07-06 11:34:52 PDT] Email: sent via Brevo to 1 recipient(s).
[2026-07-06 11:34:52 PDT] Update email sent successfully.
[2026-07-06 11:48:28 PDT] SEND_UPDATE set — sending the update announcement and exiting.
[2026-07-06 11:48:28 PDT] Email: sent via Brevo to 4 recipient(s).
[2026-07-06 11:48:28 PDT] Update email sent successfully.
[2026-07-06 12:18:44 PDT] Proceeding A2507016: checking Proposed Decisions list.
[2026-07-06 12:18:50 PDT] Proceeding A2507016: 20 PD list entries, 0 match the proceeding.
[2026-07-06 12:18:50 PDT] Run start: target meeting 2026-07-16 (Agenda #3584), 10 days out.
[2026-07-06 12:18:50 PDT] Agenda: not due yet (10 days out, interval 1 day, 0:00:00, pre-PD — daily). Last checked 2026-07-06T05:31:44.560472-07:00.
[2026-07-06 12:18:50 PDT] Hold List: skipped (agenda not yet confirmed).
[2026-07-06 12:18:50 PDT] Run complete.
[2026-07-06 16:35:17 PDT] Proceeding A2507016: checking Proposed Decisions list.
[2026-07-06 16:35:18 PDT] Proceeding A2507016: 20 PD list entries, 0 match the proceeding.
[2026-07-06 16:35:18 PDT] Run start: target meeting 2026-07-16 (Agenda #3584), 10 days out.
[2026-07-06 16:35:18 PDT] Agenda: not due yet (10 days out, interval 1 day, 0:00:00, pre-PD — daily). Last checked 2026-07-06T05:31:44.560472-07:00.
[2026-07-06 16:35:18 PDT] Hold List: skipped (agenda not yet confirmed).
[2026-07-06 16:35:18 PDT] Run complete.
[2026-07-07 03:40:38 PDT] Proceeding A2507016: checking Proposed Decisions list.
[2026-07-07 03:40:44 PDT] Proceeding A2507016: 20 PD list entries, 0 match the proceeding.
[2026-07-07 03:40:44 PDT] Run start: target meeting 2026-07-16 (Agenda #3584), 9 days out.
[2026-07-07 03:40:44 PDT] Agenda: not due yet (9 days out, interval 1 day, 0:00:00, pre-PD — daily). Last checked 2026-07-06T05:31:44.560472-07:00.
[2026-07-07 03:40:44 PDT] Hold List: skipped (agenda not yet confirmed).
[2026-07-07 03:40:44 PDT] Run complete.
[2026-07-07 11:24:49 PDT] Proceeding A2507016: checking Proposed Decisions list.
[2026-07-07 11:24:55 PDT] Proceeding A2507016: 20 PD list entries, 0 match the proceeding.
[2026-07-07 11:24:55 PDT] Run start: target meeting 2026-07-16 (Agenda #3584), 9 days out.
[2026-07-07 11:24:55 PDT] Agenda: checking (9 days out, interval 1 day, 0:00:00, pre-PD — daily).
[2026-07-07 11:25:05 PDT] Agenda: latest is 'Current Meeting Agenda for July 16, 2026 (Agenda #3584)'.
[2026-07-07 11:25:07 PDT] Agenda: A2507016 not on this agenda.
[2026-07-07 11:25:07 PDT] Email: sent via Brevo to 4 recipient(s).
[2026-07-07 11:25:07 PDT] Agenda: CONFIRMED and alert sent. PDF: https://docs.cpuc.ca.gov/PublishedDocs/Published/G000/M610/K353/610353676.pdf
[2026-07-07 11:25:07 PDT] Hold List: checking (9 days out, interval 3:00:00).
[2026-07-07 11:25:18 PDT] Hold List: latest is 'Hold List for July 2, 2026 (Agenda 3583) (Final).docx'.
[2026-07-07 11:25:18 PDT] Hold List: does not match target 2026-07-16 (Agenda #3584) yet.
[2026-07-07 11:25:18 PDT] Run complete.
[2026-07-07 15:37:11 PDT] Proceeding A2507016: checking Proposed Decisions list.
[2026-07-07 15:37:16 PDT] Proceeding A2507016: 20 PD list entries, 0 match the proceeding.
[2026-07-07 15:37:16 PDT] Run start: target meeting 2026-07-16 (Agenda #3584), 9 days out.
[2026-07-07 15:37:16 PDT] Hold List: checking (9 days out, interval 3:00:00).
[2026-07-07 15:37:31 PDT] Hold List: latest is 'Hold List for July 2, 2026 (Agenda 3583) (Final).docx'.
[2026-07-07 15:37:31 PDT] Hold List: does not match target 2026-07-16 (Agenda #3584) yet.
[2026-07-07 15:37:31 PDT] Run complete.
[2026-07-08 00:42:35 PDT] Proceeding A2507016: checking Proposed Decisions list.
[2026-07-08 00:42:36 PDT] Proceeding A2507016: 20 PD list entries, 0 match the proceeding.
[2026-07-08 00:42:36 PDT] Run start: target meeting 2026-07-16 (Agenda #3584), 8 days out.
[2026-07-08 00:42:36 PDT] Hold List: checking (8 days out, interval 3:00:00).
[2026-07-08 00:42:47 PDT] Hold List: latest is 'Hold List for July 2, 2026 (Agenda 3583) (Final).docx'.
[2026-07-08 00:42:47 PDT] Hold List: does not match target 2026-07-16 (Agenda #3584) yet.
[2026-07-08 00:42:47 PDT] Run complete.
[2026-07-08 06:17:10 PDT] Proceeding A2507016: checking Proposed Decisions list.
[2026-07-08 06:17:11 PDT] Proceeding A2507016: 20 PD list entries, 0 match the proceeding.
[2026-07-08 06:17:11 PDT] Run start: target meeting 2026-07-16 (Agenda #3584), 8 days out.
[2026-07-08 06:17:11 PDT] Hold List: checking (8 days out, interval 3:00:00).
[2026-07-08 06:17:22 PDT] Hold List: latest is 'Hold List for July 2, 2026 (Agenda 3583) (Final).docx'.
[2026-07-08 06:17:22 PDT] Hold List: does not match target 2026-07-16 (Agenda #3584) yet.
[2026-07-08 06:17:22 PDT] Run complete.
[2026-07-08 11:09:32 PDT] Proceeding A2507016: checking Proposed Decisions list.
[2026-07-08 11:09:37 PDT] Proceeding A2507016: 20 PD list entries, 0 match the proceeding.
[2026-07-08 11:09:37 PDT] Run start: target meeting 2026-07-16 (Agenda #3584), 8 days out.
[2026-07-08 11:09:37 PDT] Hold List: checking (8 days out, interval 3:00:00).
[2026-07-08 11:09:55 PDT] Hold List: latest is 'Hold List for July 2, 2026 (Agenda 3583) (Final).docx'.
[2026-07-08 11:09:55 PDT] Hold List: does not match target 2026-07-16 (Agenda #3584) yet.
[2026-07-08 11:09:55 PDT] Run complete.
[2026-07-08 14:54:15 PDT] Proceeding A2507016: checking Proposed Decisions list.
[2026-07-08 14:54:18 PDT] Proceeding A2507016: 20 PD list entries, 0 match the proceeding.
[2026-07-08 14:54:18 PDT] Run start: target meeting 2026-07-16 (Agenda #3584), 8 days out.
[2026-07-08 14:54:18 PDT] Hold List: checking (8 days out, interval 3:00:00).
[2026-07-08 14:54:31 PDT] Hold List: latest is 'Hold List for July 2, 2026 (Agenda 3583) (Final).docx'.
[2026-07-08 14:54:31 PDT] Hold List: does not match target 2026-07-16 (Agenda #3584) yet.
[2026-07-08 14:54:31 PDT] Run complete.
[2026-07-09 03:32:52 PDT] Proceeding A2507016: checking Proposed Decisions list.
[2026-07-09 03:32:54 PDT] Proceeding A2507016: 20 PD list entries, 0 match the proceeding.
[2026-07-09 03:32:54 PDT] Run start: target meeting 2026-07-16 (Agenda #3584), 7 days out.
[2026-07-09 03:32:54 PDT] Hold List: checking (7 days out, interval 3:00:00).
[2026-07-09 03:33:05 PDT] Hold List: latest is 'Hold List for July 2, 2026 (Agenda 3583) (Final).docx'.
[2026-07-09 03:33:05 PDT] Hold List: does not match target 2026-07-16 (Agenda #3584) yet.
[2026-07-09 03:33:05 PDT] Run complete.
[2026-07-09 10:32:17 PDT] Proceeding A2507016: checking Proposed Decisions list.
[2026-07-09 10:32:19 PDT] Proceeding A2507016: 20 PD list entries, 0 match the proceeding.
[2026-07-09 10:32:19 PDT] Run start: target meeting 2026-07-16 (Agenda #3584), 7 days out.
[2026-07-09 10:32:19 PDT] Hold List: checking (7 days out, interval 3:00:00).
[2026-07-09 10:32:30 PDT] Hold List: latest is 'Hold List for July 2, 2026 (Agenda 3583) (Final).docx'.
[2026-07-09 10:32:30 PDT] Hold List: does not match target 2026-07-16 (Agenda #3584) yet.
[2026-07-09 10:32:30 PDT] Run complete.
[2026-07-09 15:45:44 PDT] Proceeding A2507016: checking Proposed Decisions list.
[2026-07-09 15:45:46 PDT] Proceeding A2507016: 20 PD list entries, 5 match the proceeding.
[2026-07-09 15:46:10 PDT] Email: sent via Brevo to 4 recipient(s).
[2026-07-09 15:46:10 PDT] Proceeding A2507016: agenda-eligibility date set to 2026-08-03 (agenda cadence stays daily until then).
[2026-07-09 15:46:10 PDT] Proceeding A2507016: ALERT sent for 5 new Proposed Decision(s).
[2026-07-09 15:46:10 PDT] Run start: target meeting 2026-07-16 (Agenda #3584), 7 days out.
[2026-07-09 15:46:10 PDT] Hold List: checking (7 days out, interval 3:00:00).
[2026-07-09 15:46:25 PDT] Hold List: latest is 'Hold List for July 2, 2026 (Agenda 3583) (Final).docx'.
[2026-07-09 15:46:25 PDT] Hold List: does not match target 2026-07-16 (Agenda #3584) yet.
[2026-07-09 15:46:25 PDT] Run complete.
[2026-07-10 03:35:49 PDT] Proceeding A2507016: checking Proposed Decisions list.
[2026-07-10 03:35:50 PDT] Proceeding A2507016: 20 PD list entries, 5 match the proceeding.
[2026-07-10 03:35:50 PDT] Proceeding A2507016: match(es) already alerted — nothing new.
[2026-07-10 03:35:50 PDT] Run start: target meeting 2026-07-16 (Agenda #3584), 6 days out.
[2026-07-10 03:35:50 PDT] Hold List: checking (6 days out, interval 3:00:00).
[2026-07-10 03:36:01 PDT] Hold List: latest is 'Hold List for July 2, 2026 (Agenda 3583) (Final).docx'.
[2026-07-10 03:36:01 PDT] Hold List: does not match target 2026-07-16 (Agenda #3584) yet.
[2026-07-10 03:36:01 PDT] Run complete.
[2026-07-10 10:22:39 PDT] Proceeding A2507016: checking Proposed Decisions list.
[2026-07-10 10:22:45 PDT] Proceeding A2507016: 20 PD list entries, 5 match the proceeding.
[2026-07-10 10:22:45 PDT] Proceeding A2507016: match(es) already alerted — nothing new.
[2026-07-10 10:22:45 PDT] Run start: target meeting 2026-07-16 (Agenda #3584), 6 days out.
[2026-07-10 10:22:45 PDT] Hold List: checking (6 days out, interval 3:00:00).
[2026-07-10 10:22:58 PDT] Hold List: latest is 'Hold List for July 2, 2026 (Agenda 3583) (Final).docx'.
[2026-07-10 10:22:58 PDT] Hold List: does not match target 2026-07-16 (Agenda #3584) yet.
[2026-07-10 10:22:58 PDT] Run complete.
[2026-07-10 14:31:18 PDT] Proceeding A2507016: checking Proposed Decisions list.
[2026-07-10 14:31:20 PDT] Proceeding A2507016: 20 PD list entries, 5 match the proceeding.
[2026-07-10 14:31:20 PDT] Proceeding A2507016: match(es) already alerted — nothing new.
[2026-07-10 14:31:20 PDT] Run start: target meeting 2026-07-16 (Agenda #3584), 6 days out.
[2026-07-10 14:31:20 PDT] Hold List: checking (6 days out, interval 3:00:00).
[2026-07-10 14:31:32 PDT] Hold List: latest is 'Hold List for July 2, 2026 (Agenda 3583) (Final).docx'.
[2026-07-10 14:31:32 PDT] Hold List: does not match target 2026-07-16 (Agenda #3584) yet.
[2026-07-10 14:31:32 PDT] Run complete.
[2026-07-10 23:03:02 PDT] Proceeding A2507016: checking Proposed Decisions list.
[2026-07-10 23:03:08 PDT] Proceeding A2507016: 20 PD list entries, 4 match the proceeding.
[2026-07-10 23:03:08 PDT] Proceeding A2507016: match(es) already alerted — nothing new.
[2026-07-10 23:03:08 PDT] Run start: target meeting 2026-07-16 (Agenda #3584), 6 days out.
[2026-07-10 23:03:08 PDT] Hold List: checking (6 days out, interval 3:00:00).
[2026-07-10 23:03:19 PDT] Hold List: latest is 'Hold List for July 2, 2026 (Agenda 3583) (Final).docx'.
[2026-07-10 23:03:19 PDT] Hold List: does not match target 2026-07-16 (Agenda #3584) yet.
[2026-07-10 23:03:19 PDT] Run complete.
[2026-07-11 03:37:12 PDT] Proceeding A2507016: checking Proposed Decisions list.
[2026-07-11 03:37:18 PDT] Proceeding A2507016: 20 PD list entries, 4 match the proceeding.
[2026-07-11 03:37:18 PDT] Proceeding A2507016: match(es) already alerted — nothing new.
[2026-07-11 03:37:18 PDT] Run start: target meeting 2026-07-16 (Agenda #3584), 5 days out.
[2026-07-11 03:37:18 PDT] Hold List: checking (5 days out, interval 3:00:00).
[2026-07-11 03:37:32 PDT] Hold List: latest is 'Hold List for July 2, 2026 (Agenda 3583) (Final).docx'.
[2026-07-11 03:37:32 PDT] Hold List: does not match target 2026-07-16 (Agenda #3584) yet.
[2026-07-11 03:37:32 PDT] Run complete.
[2026-07-11 07:36:14 PDT] Proceeding A2507016: checking Proposed Decisions list.
[2026-07-11 07:36:20 PDT] Proceeding A2507016: 20 PD list entries, 4 match the proceeding.
[2026-07-11 07:36:20 PDT] Proceeding A2507016: match(es) already alerted — nothing new.
[2026-07-11 07:36:20 PDT] Run start: target meeting 2026-07-16 (Agenda #3584), 5 days out.
[2026-07-11 07:36:20 PDT] Hold List: checking (5 days out, interval 3:00:00).
[2026-07-11 07:36:30 PDT] Hold List: latest is 'Hold List for July 2, 2026 (Agenda 3583) (Final).docx'.
[2026-07-11 07:36:30 PDT] Hold List: does not match target 2026-07-16 (Agenda #3584) yet.
[2026-07-11 07:36:30 PDT] Run complete.
[2026-07-11 10:41:47 PDT] Proceeding A2507016: checking Proposed Decisions list.
[2026-07-11 10:41:48 PDT] Proceeding A2507016: 20 PD list entries, 4 match the proceeding.
[2026-07-11 10:41:48 PDT] Proceeding A2507016: match(es) already alerted — nothing new.
[2026-07-11 10:41:48 PDT] Run start: target meeting 2026-07-16 (Agenda #3584), 5 days out.
[2026-07-11 10:41:48 PDT] Hold List: checking (5 days out, interval 3:00:00).
[2026-07-11 10:41:59 PDT] Hold List: latest is 'Hold List for July 2, 2026 (Agenda 3583) (Final).docx'.
[2026-07-11 10:41:59 PDT] Hold List: does not match target 2026-07-16 (Agenda #3584) yet.
[2026-07-11 10:41:59 PDT] Run complete.
[2026-07-11 13:27:43 PDT] Proceeding A2507016: not due yet (interval 3:00:00). Last checked 2026-07-11T10:41:47.058635-07:00.
[2026-07-11 13:27:43 PDT] Run start: target meeting 2026-07-16 (Agenda #3584), 5 days out.
[2026-07-11 13:27:43 PDT] Hold List: not due yet (5 days out, interval 3:00:00). Last checked 2026-07-11T10:41:47.058635-07:00.
[2026-07-11 13:27:43 PDT] Run complete.
[2026-07-11 16:36:57 PDT] Proceeding A2507016: checking Proposed Decisions list.
[2026-07-11 16:37:03 PDT] Proceeding A2507016: 20 PD list entries, 4 match the proceeding.
[2026-07-11 16:37:03 PDT] Proceeding A2507016: match(es) already alerted — nothing new.
[2026-07-11 16:37:03 PDT] Run start: target meeting 2026-07-16 (Agenda #3584), 5 days out.
[2026-07-11 16:37:03 PDT] Hold List: checking (5 days out, interval 3:00:00).
[2026-07-11 16:37:17 PDT] Hold List: latest is 'Hold List for July 2, 2026 (Agenda 3583) (Final).docx'.
[2026-07-11 16:37:17 PDT] Hold List: does not match target 2026-07-16 (Agenda #3584) yet.
[2026-07-11 16:37:17 PDT] Run complete.
[2026-07-12 00:47:58 PDT] Proceeding A2507016: checking Proposed Decisions list.
[2026-07-12 00:48:00 PDT] Proceeding A2507016: 20 PD list entries, 4 match the proceeding.
[2026-07-12 00:48:00 PDT] Proceeding A2507016: match(es) already alerted — nothing new.
[2026-07-12 00:48:00 PDT] Run start: target meeting 2026-07-16 (Agenda #3584), 4 days out.
[2026-07-12 00:48:00 PDT] Hold List: checking (4 days out, interval 3:00:00).
[2026-07-12 00:48:17 PDT] Hold List: latest is 'Hold List for July 2, 2026 (Agenda 3583) (Final).docx'.
[2026-07-12 00:48:17 PDT] Hold List: does not match target 2026-07-16 (Agenda #3584) yet.
[2026-07-12 00:48:17 PDT] Run complete.
[2026-07-12 04:43:28 PDT] Proceeding A2507016: checking Proposed Decisions list.
[2026-07-12 04:43:30 PDT] Proceeding A2507016: 20 PD list entries, 4 match the proceeding.
[2026-07-12 04:43:30 PDT] Proceeding A2507016: match(es) already alerted — nothing new.
[2026-07-12 04:43:30 PDT] Run start: target meeting 2026-07-16 (Agenda #3584), 4 days out.
[2026-07-12 04:43:30 PDT] Hold List: checking (4 days out, interval 3:00:00).
[2026-07-12 04:43:40 PDT] Hold List: latest is 'Hold List for July 2, 2026 (Agenda 3583) (Final).docx'.
[2026-07-12 04:43:40 PDT] Hold List: does not match target 2026-07-16 (Agenda #3584) yet.
[2026-07-12 04:43:40 PDT] Run complete.
[2026-07-12 07:44:36 PDT] Proceeding A2507016: checking Proposed Decisions list.
[2026-07-12 07:44:42 PDT] Proceeding A2507016: 20 PD list entries, 4 match the proceeding.
[2026-07-12 07:44:42 PDT] Proceeding A2507016: match(es) already alerted — nothing new.
[2026-07-12 07:44:42 PDT] Run start: target meeting 2026-07-16 (Agenda #3584), 4 days out.
[2026-07-12 07:44:42 PDT] Hold List: checking (4 days out, interval 3:00:00).
[2026-07-12 07:44:52 PDT] Hold List: latest is 'Hold List for July 2, 2026 (Agenda 3583) (Final).docx'.
[2026-07-12 07:44:52 PDT] Hold List: does not match target 2026-07-16 (Agenda #3584) yet.
[2026-07-12 07:44:52 PDT] Run complete.
[2026-07-12 11:07:33 PDT] Proceeding A2507016: checking Proposed Decisions list.
[2026-07-12 11:07:39 PDT] Proceeding A2507016: 20 PD list entries, 4 match the proceeding.
[2026-07-12 11:07:39 PDT] Proceeding A2507016: match(es) already alerted — nothing new.
[2026-07-12 11:07:39 PDT] Run start: target meeting 2026-07-16 (Agenda #3584), 4 days out.
[2026-07-12 11:07:39 PDT] Hold List: checking (4 days out, interval 3:00:00).
[2026-07-12 11:07:49 PDT] Hold List: latest is 'Hold List for July 2, 2026 (Agenda 3583) (Final).docx'.
[2026-07-12 11:07:49 PDT] Hold List: does not match target 2026-07-16 (Agenda #3584) yet.
[2026-07-12 11:07:49 PDT] Run complete.
[2026-07-12 13:36:53 PDT] Proceeding A2507016: not due yet (interval 3:00:00). Last checked 2026-07-12T11:07:33.851474-07:00.
[2026-07-12 13:36:53 PDT] Run start: target meeting 2026-07-16 (Agenda #3584), 4 days out.
[2026-07-12 13:36:53 PDT] Hold List: not due yet (4 days out, interval 3:00:00). Last checked 2026-07-12T11:07:33.851474-07:00.
[2026-07-12 13:36:53 PDT] Run complete.
[2026-07-12 16:36:52 PDT] Proceeding A2507016: checking Proposed Decisions list.
[2026-07-12 16:36:58 PDT] Proceeding A2507016: 20 PD list entries, 4 match the proceeding.
[2026-07-12 16:36:58 PDT] Proceeding A2507016: match(es) already alerted — nothing new.
[2026-07-12 16:36:58 PDT] Run start: target meeting 2026-07-16 (Agenda #3584), 4 days out.
[2026-07-12 16:36:58 PDT] Hold List: checking (4 days out, interval 3:00:00).
[2026-07-12 16:37:12 PDT] Hold List: latest is 'Hold List for July 2, 2026 (Agenda 3583) (Final).docx'.
[2026-07-12 16:37:12 PDT] Hold List: does not match target 2026-07-16 (Agenda #3584) yet.
[2026-07-12 16:37:12 PDT] Run complete.
[2026-07-13 03:45:23 PDT] Proceeding A2507016: checking Proposed Decisions list.
[2026-07-13 03:45:27 PDT] Proceeding A2507016: 20 PD list entries, 4 match the proceeding.
[2026-07-13 03:45:27 PDT] Proceeding A2507016: match(es) already alerted — nothing new.
[2026-07-13 03:45:27 PDT] Run start: target meeting 2026-07-16 (Agenda #3584), 3 days out.
[2026-07-13 03:45:27 PDT] Hold List: checking (3 days out, interval 1:00:00).
[2026-07-13 03:45:37 PDT] Hold List: latest is 'Hold List for July 2, 2026 (Agenda 3583) (Final).docx'.
[2026-07-13 03:45:37 PDT] Hold List: does not match target 2026-07-16 (Agenda #3584) yet.
[2026-07-13 03:45:37 PDT] Run complete.
[2026-07-13 11:04:42 PDT] Proceeding A2507016: checking Proposed Decisions list.
[2026-07-13 11:04:44 PDT] Proceeding A2507016: 20 PD list entries, 4 match the proceeding.
[2026-07-13 11:04:44 PDT] Proceeding A2507016: match(es) already alerted — nothing new.
[2026-07-13 11:04:44 PDT] Run start: target meeting 2026-07-16 (Agenda #3584), 3 days out.
[2026-07-13 11:04:44 PDT] Hold List: checking (3 days out, interval 1:00:00).
[2026-07-13 11:04:56 PDT] Hold List: latest is 'Hold List for July 2, 2026 (Agenda 3583) (Final).docx'.
[2026-07-13 11:04:56 PDT] Hold List: does not match target 2026-07-16 (Agenda #3584) yet.
[2026-07-13 11:04:56 PDT] Run complete.
[2026-07-13 14:30:38 PDT] Proceeding A2507016: checking Proposed Decisions list.
[2026-07-13 14:30:43 PDT] Proceeding A2507016: 20 PD list entries, 4 match the proceeding.
[2026-07-13 14:30:43 PDT] Proceeding A2507016: match(es) already alerted — nothing new.
[2026-07-13 14:30:43 PDT] Run start: target meeting 2026-07-16 (Agenda #3584), 3 days out.
[2026-07-13 14:30:43 PDT] Hold List: checking (3 days out, interval 1:00:00).
[2026-07-13 14:30:54 PDT] Hold List: latest is 'Hold List for July 2, 2026 (Agenda 3583) (Final).docx'.
[2026-07-13 14:30:54 PDT] Hold List: does not match target 2026-07-16 (Agenda #3584) yet.
[2026-07-13 14:30:54 PDT] Run complete.
[2026-07-13 22:58:10 PDT] Proceeding A2507016: checking Proposed Decisions list.
[2026-07-13 22:58:11 PDT] Proceeding A2507016: 20 PD list entries, 3 match the proceeding.
[2026-07-13 22:58:11 PDT] Proceeding A2507016: match(es) already alerted — nothing new.
[2026-07-13 22:58:11 PDT] Run start: target meeting 2026-07-16 (Agenda #3584), 3 days out.
[2026-07-13 22:58:11 PDT] Hold List: checking (3 days out, interval 1:00:00).
[2026-07-13 22:58:22 PDT] Hold List: latest is 'Hold List for July 16, 2026 (Agenda 3584).docx'.
[2026-07-13 22:58:23 PDT] Email: sent via Brevo to 4 recipient(s).
[2026-07-13 22:58:23 PDT] Hold List: CONFIRMED and alert sent. PDF: https://docs.cpuc.ca.gov/PublishedDocs/Published/G000/M611/K134/611134881.PDF
[2026-07-13 22:58:23 PDT] Run complete.
[2026-07-14 04:12:50 PDT] Proceeding A2507016: checking Proposed Decisions list.
[2026-07-14 04:12:53 PDT] Proceeding A2507016: 20 PD list entries, 3 match the proceeding.
[2026-07-14 04:12:53 PDT] Proceeding A2507016: match(es) already alerted — nothing new.
[2026-07-14 04:12:53 PDT] Run start: target meeting 2026-07-16 (Agenda #3584), 2 days out.
[2026-07-14 04:12:53 PDT] Hold List: already confirmed for this meeting. Nothing to do.
[2026-07-14 04:12:53 PDT] Run complete.
[2026-07-14 09:03:26 PDT] Proceeding A2507016: checking Proposed Decisions list.
[2026-07-14 09:03:35 PDT] Proceeding A2507016: 20 PD list entries, 3 match the proceeding.
[2026-07-14 09:03:35 PDT] Proceeding A2507016: match(es) already alerted — nothing new.
[2026-07-14 09:03:35 PDT] Run start: target meeting 2026-07-16 (Agenda #3584), 2 days out.
[2026-07-14 09:03:35 PDT] Hold List: already confirmed for this meeting. Nothing to do.
[2026-07-14 09:03:35 PDT] Run complete.
[2026-07-14 13:21:29 PDT] Proceeding A2507016: checking Proposed Decisions list.
[2026-07-14 13:21:35 PDT] Proceeding A2507016: 20 PD list entries, 2 match the proceeding.
[2026-07-14 13:21:35 PDT] Proceeding A2507016: match(es) already alerted — nothing new.
[2026-07-14 13:21:35 PDT] Run start: target meeting 2026-07-16 (Agenda #3584), 2 days out.
[2026-07-14 13:21:35 PDT] Hold List: already confirmed for this meeting. Nothing to do.
[2026-07-14 13:21:35 PDT] Run complete.
[2026-07-14 16:28:59 PDT] Proceeding A2507016: checking Proposed Decisions list.
[2026-07-14 16:29:05 PDT] Proceeding A2507016: 20 PD list entries, 1 match the proceeding.
[2026-07-14 16:29:05 PDT] Proceeding A2507016: match(es) already alerted — nothing new.
[2026-07-14 16:29:05 PDT] Run start: target meeting 2026-07-16 (Agenda #3584), 2 days out.
[2026-07-14 16:29:05 PDT] Hold List: already confirmed for this meeting. Nothing to do.
[2026-07-14 16:29:05 PDT] Run complete.
[2026-07-15 00:25:23 PDT] Proceeding A2507016: checking Proposed Decisions list.
[2026-07-15 00:25:30 PDT] Proceeding A2507016: 20 PD list entries, 0 match the proceeding.
[2026-07-15 00:25:30 PDT] Run start: target meeting 2026-07-16 (Agenda #3584), 1 days out.
[2026-07-15 00:25:30 PDT] Hold List: already confirmed for this meeting. Nothing to do.
[2026-07-15 00:25:30 PDT] Run complete.
[2026-07-15 05:07:15 PDT] Proceeding A2507016: checking Proposed Decisions list.
[2026-07-15 05:07:20 PDT] Proceeding A2507016: 20 PD list entries, 0 match the proceeding.
[2026-07-15 05:07:20 PDT] Run start: target meeting 2026-07-16 (Agenda #3584), 1 days out.
[2026-07-15 05:07:20 PDT] Hold List: already confirmed for this meeting. Nothing to do.
[2026-07-15 05:07:20 PDT] Run complete.
[2026-07-15 09:52:58 PDT] Proceeding A2507016: checking Proposed Decisions list.
[2026-07-15 09:53:02 PDT] Proceeding A2507016: 20 PD list entries, 0 match the proceeding.
[2026-07-15 09:53:02 PDT] Run start: target meeting 2026-07-16 (Agenda #3584), 1 days out.
[2026-07-15 09:53:02 PDT] Hold List: already confirmed for this meeting. Nothing to do.
[2026-07-15 09:53:02 PDT] Run complete.
[2026-07-15 13:37:39 PDT] Proceeding A2507016: checking Proposed Decisions list.
[2026-07-15 13:37:41 PDT] Proceeding A2507016: 20 PD list entries, 0 match the proceeding.
[2026-07-15 13:37:41 PDT] Run start: target meeting 2026-07-16 (Agenda #3584), 1 days out.
[2026-07-15 13:37:41 PDT] Hold List: already confirmed for this meeting. Nothing to do.
[2026-07-15 13:37:41 PDT] Run complete.
[2026-07-15 16:44:20 PDT] Proceeding A2507016: checking Proposed Decisions list.
[2026-07-15 16:44:22 PDT] Proceeding A2507016: 20 PD list entries, 0 match the proceeding.
[2026-07-15 16:44:22 PDT] Run start: target meeting 2026-07-16 (Agenda #3584), 1 days out.
[2026-07-15 16:44:22 PDT] Hold List: already confirmed for this meeting. Nothing to do.
[2026-07-15 16:44:22 PDT] Run complete.
[2026-07-16 00:36:42 PDT] Proceeding A2507016: checking Proposed Decisions list.
[2026-07-16 00:36:48 PDT] Proceeding A2507016: 20 PD list entries, 0 match the proceeding.
[2026-07-16 00:36:48 PDT] Run start: target meeting 2026-07-16 (Agenda #3584), 0 days out.
[2026-07-16 00:36:48 PDT] Hold List: already confirmed for this meeting. Nothing to do.
[2026-07-16 00:36:48 PDT] Run complete.
[2026-07-16 06:04:35 PDT] Proceeding A2507016: checking Proposed Decisions list.
[2026-07-16 06:04:36 PDT] Proceeding A2507016: 20 PD list entries, 0 match the proceeding.
[2026-07-16 06:04:36 PDT] Run start: target meeting 2026-07-16 (Agenda #3584), 0 days out.
[2026-07-16 06:04:36 PDT] Hold List: already confirmed for this meeting. Nothing to do.
[2026-07-16 06:04:36 PDT] Run complete.
[2026-07-16 10:47:27 PDT] Proceeding A2507016: checking Proposed Decisions list.
[2026-07-16 10:47:33 PDT] Proceeding A2507016: 20 PD list entries, 0 match the proceeding.
[2026-07-16 10:47:33 PDT] Run start: target meeting 2026-07-16 (Agenda #3584), 0 days out.
[2026-07-16 10:47:33 PDT] Hold List: already confirmed for this meeting. Nothing to do.
[2026-07-16 10:47:33 PDT] Run complete.
[2026-07-16 13:36:58 PDT] Proceeding A2507016: not due yet (interval 3:00:00). Last checked 2026-07-16T10:47:27.927900-07:00.
[2026-07-16 13:36:58 PDT] Run start: target meeting 2026-07-16 (Agenda #3584), 0 days out.
[2026-07-16 13:36:58 PDT] Hold List: already confirmed for this meeting. Nothing to do.
[2026-07-16 13:36:58 PDT] Run complete.
[2026-07-16 16:42:45 PDT] Proceeding A2507016: checking Proposed Decisions list.
[2026-07-16 16:42:50 PDT] Proceeding A2507016: 20 PD list entries, 0 match the proceeding.
[2026-07-16 16:42:50 PDT] Run start: target meeting 2026-07-16 (Agenda #3584), 0 days out.
[2026-07-16 16:42:50 PDT] Hold List: already confirmed for this meeting. Nothing to do.
[2026-07-16 16:42:50 PDT] Run complete.
[2026-07-17 00:33:30 PDT] Target meeting set to 2026-08-13 (Agenda #3585); resetting state.
[2026-07-17 00:33:30 PDT] Proceeding A2507016: checking Proposed Decisions list.
[2026-07-17 00:33:35 PDT] Proceeding A2507016: 20 PD list entries, 0 match the proceeding.
[2026-07-17 00:33:35 PDT] Run start: target meeting 2026-08-13 (Agenda #3585), 27 days out.
[2026-07-17 00:33:35 PDT] More than 20 days before meeting — no meeting checks performed.
[2026-07-17 04:59:31 PDT] Proceeding A2507016: checking Proposed Decisions list.
[2026-07-17 04:59:32 PDT] Proceeding A2507016: 20 PD list entries, 0 match the proceeding.
[2026-07-17 04:59:32 PDT] Run start: target meeting 2026-08-13 (Agenda #3585), 27 days out.
[2026-07-17 04:59:32 PDT] More than 20 days before meeting — no meeting checks performed.
[2026-07-17 09:37:23 PDT] Proceeding A2507016: checking Proposed Decisions list.
[2026-07-17 09:37:29 PDT] Proceeding A2507016: 20 PD list entries, 0 match the proceeding.
[2026-07-17 09:37:29 PDT] Run start: target meeting 2026-08-13 (Agenda #3585), 27 days out.
[2026-07-17 09:37:29 PDT] More than 20 days before meeting — no meeting checks performed.
[2026-07-17 13:14:21 PDT] Proceeding A2507016: checking Proposed Decisions list.
[2026-07-17 13:14:28 PDT] Proceeding A2507016: 20 PD list entries, 0 match the proceeding.
[2026-07-17 13:14:28 PDT] Run start: target meeting 2026-08-13 (Agenda #3585), 27 days out.
[2026-07-17 13:14:28 PDT] More than 20 days before meeting — no meeting checks performed.
[2026-07-17 16:12:02 PDT] Proceeding A2507016: not due yet (interval 3:00:00). Last checked 2026-07-17T13:14:21.613645-07:00.
[2026-07-17 16:12:02 PDT] Run start: target meeting 2026-08-13 (Agenda #3585), 27 days out.
[2026-07-17 16:12:02 PDT] More than 20 days before meeting — no meeting checks performed.
[2026-07-17 23:31:19 PDT] Proceeding A2507016: checking Proposed Decisions list.
[2026-07-17 23:31:21 PDT] Proceeding A2507016: 20 PD list entries, 0 match the proceeding.
[2026-07-17 23:31:21 PDT] Run start: target meeting 2026-08-13 (Agenda #3585), 27 days out.
[2026-07-17 23:31:21 PDT] More than 20 days before meeting — no meeting checks performed.
[2026-07-18 03:48:02 PDT] Proceeding A2507016: checking Proposed Decisions list.
[2026-07-18 03:48:07 PDT] Proceeding A2507016: 20 PD list entries, 0 match the proceeding.
[2026-07-18 03:48:07 PDT] Run start: target meeting 2026-08-13 (Agenda #3585), 26 days out.
[2026-07-18 03:48:07 PDT] More than 20 days before meeting — no meeting checks performed.
[2026-07-18 07:36:18 PDT] Proceeding A2507016: checking Proposed Decisions list.
[2026-07-18 07:36:20 PDT] Proceeding A2507016: 20 PD list entries, 0 match the proceeding.
[2026-07-18 07:36:20 PDT] Run start: target meeting 2026-08-13 (Agenda #3585), 26 days out.
[2026-07-18 07:36:20 PDT] More than 20 days before meeting — no meeting checks performed.
[2026-07-18 10:42:44 PDT] Proceeding A2507016: checking Proposed Decisions list.
[2026-07-18 10:42:50 PDT] Proceeding A2507016: 20 PD list entries, 0 match the proceeding.
[2026-07-18 10:42:50 PDT] Run start: target meeting 2026-08-13 (Agenda #3585), 26 days out.
[2026-07-18 10:42:50 PDT] More than 20 days before meeting — no meeting checks performed.
[2026-07-18 13:26:58 PDT] Proceeding A2507016: not due yet (interval 3:00:00). Last checked 2026-07-18T10:42:44.608850-07:00.
[2026-07-18 13:26:58 PDT] Run start: target meeting 2026-08-13 (Agenda #3585), 26 days out.
[2026-07-18 13:26:58 PDT] More than 20 days before meeting — no meeting checks performed.
[2026-07-18 16:35:58 PDT] Proceeding A2507016: checking Proposed Decisions list.
[2026-07-18 16:36:03 PDT] Proceeding A2507016: 20 PD list entries, 0 match the proceeding.
[2026-07-18 16:36:03 PDT] Run start: target meeting 2026-08-13 (Agenda #3585), 26 days out.
[2026-07-18 16:36:03 PDT] More than 20 days before meeting — no meeting checks performed.
[2026-07-19 00:41:49 PDT] Proceeding A2507016: checking Proposed Decisions list.
[2026-07-19 00:41:53 PDT] Proceeding A2507016: 20 PD list entries, 0 match the proceeding.
[2026-07-19 00:41:53 PDT] Run start: target meeting 2026-08-13 (Agenda #3585), 25 days out.
[2026-07-19 00:41:53 PDT] More than 20 days before meeting — no meeting checks performed.
[2026-07-19 04:37:55 PDT] Proceeding A2507016: checking Proposed Decisions list.
[2026-07-19 04:38:00 PDT] Proceeding A2507016: 20 PD list entries, 0 match the proceeding.
[2026-07-19 04:38:00 PDT] Run start: target meeting 2026-08-13 (Agenda #3585), 25 days out.
[2026-07-19 04:38:00 PDT] More than 20 days before meeting — no meeting checks performed.
[2026-07-19 07:43:31 PDT] Proceeding A2507016: checking Proposed Decisions list.
[2026-07-19 07:43:32 PDT] Proceeding A2507016: 20 PD list entries, 0 match the proceeding.
[2026-07-19 07:43:32 PDT] Run start: target meeting 2026-08-13 (Agenda #3585), 25 days out.
[2026-07-19 07:43:32 PDT] More than 20 days before meeting — no meeting checks performed.
[2026-07-19 11:06:01 PDT] Proceeding A2507016: checking Proposed Decisions list.
[2026-07-19 11:06:02 PDT] Proceeding A2507016: 20 PD list entries, 0 match the proceeding.
[2026-07-19 11:06:02 PDT] Run start: target meeting 2026-08-13 (Agenda #3585), 25 days out.
[2026-07-19 11:06:02 PDT] More than 20 days before meeting — no meeting checks performed.
[2026-07-19 12:21:23 PDT] Proceeding A2507016: not due yet (interval 3:00:00). Last checked 2026-07-19T11:06:01.280954-07:00.
[2026-07-19 12:21:23 PDT] Run start: target meeting 2026-08-13 (Agenda #3585), 25 days out.
[2026-07-19 12:21:23 PDT] More than 20 days before meeting — no meeting checks performed.
[2026-07-19 13:12:55 PDT] Proceeding A2507016: not due yet (interval 3:00:00). Last checked 2026-07-19T11:06:01.280954-07:00.
[2026-07-19 13:12:55 PDT] Run start: target meeting 2026-08-13 (Agenda #3585), 25 days out.
[2026-07-19 13:12:55 PDT] More than 20 days before meeting — no meeting checks performed.
[2026-07-19 14:07:09 PDT] Proceeding A2507016: checking Proposed Decisions list.
[2026-07-19 14:07:15 PDT] Proceeding A2507016: 20 PD list entries, 0 match the proceeding.
[2026-07-19 14:07:15 PDT] Run start: target meeting 2026-08-13 (Agenda #3585), 25 days out.
[2026-07-19 14:07:15 PDT] More than 20 days before meeting — no meeting checks performed.
[2026-07-19 15:05:22 PDT] Proceeding A2507016: not due yet (interval 3:00:00). Last checked 2026-07-19T14:07:09.751535-07:00.
[2026-07-19 15:05:22 PDT] Run start: target meeting 2026-08-13 (Agenda #3585), 25 days out.
[2026-07-19 15:05:22 PDT] More than 20 days before meeting — no meeting checks performed.
[2026-07-19 16:04:54 PDT] Proceeding A2507016: not due yet (interval 3:00:00). Last checked 2026-07-19T14:07:09.751535-07:00.
[2026-07-19 16:04:54 PDT] Run start: target meeting 2026-08-13 (Agenda #3585), 25 days out.
[2026-07-19 16:04:54 PDT] More than 20 days before meeting — no meeting checks performed.
[2026-07-19 17:06:31 PDT] Proceeding A2507016: not due yet (interval 3:00:00). Last checked 2026-07-19T14:07:09.751535-07:00.
[2026-07-19 17:06:31 PDT] Run start: target meeting 2026-08-13 (Agenda #3585), 25 days out.
[2026-07-19 17:06:31 PDT] More than 20 days before meeting — no meeting checks performed.
[2026-07-19 20:58:00 PDT] Proceeding A2507016: checking Proposed Decisions list.
[2026-07-19 20:58:06 PDT] Proceeding A2507016: 20 PD list entries, 0 match the proceeding.
[2026-07-19 20:58:06 PDT] Run start: target meeting 2026-08-13 (Agenda #3585), 25 days out.
[2026-07-19 20:58:06 PDT] More than 20 days before meeting — no meeting checks performed.
[2026-07-19 23:46:34 PDT] Proceeding A2507016: not due yet (interval 3:00:00). Last checked 2026-07-19T20:58:00.642759-07:00.
[2026-07-19 23:46:34 PDT] Run start: target meeting 2026-08-13 (Agenda #3585), 25 days out.
[2026-07-19 23:46:34 PDT] More than 20 days before meeting — no meeting checks performed.
[2026-07-20 02:46:24 PDT] Proceeding A2507016: checking Proposed Decisions list.
[2026-07-20 02:46:26 PDT] Proceeding A2507016: 20 PD list entries, 0 match the proceeding.
[2026-07-20 02:46:26 PDT] Run start: target meeting 2026-08-13 (Agenda #3585), 24 days out.
[2026-07-20 02:46:26 PDT] More than 20 days before meeting — no meeting checks performed.
[2026-07-20 05:04:46 PDT] Proceeding A2507016: not due yet (interval 3:00:00). Last checked 2026-07-20T02:46:24.885713-07:00.
[2026-07-20 05:04:46 PDT] Run start: target meeting 2026-08-13 (Agenda #3585), 24 days out.
[2026-07-20 05:04:46 PDT] More than 20 days before meeting — no meeting checks performed.
[2026-07-20 07:29:02 PDT] Proceeding A2507016: checking Proposed Decisions list.
[2026-07-20 07:29:03 PDT] Proceeding A2507016: 20 PD list entries, 0 match the proceeding.
[2026-07-20 07:29:03 PDT] Run start: target meeting 2026-08-13 (Agenda #3585), 24 days out.
[2026-07-20 07:29:03 PDT] More than 20 days before meeting — no meeting checks performed.
[2026-07-20 09:08:57 PDT] Proceeding A2507016: not due yet (interval 3:00:00). Last checked 2026-07-20T07:29:02.110085-07:00.
[2026-07-20 09:08:57 PDT] Run start: target meeting 2026-08-13 (Agenda #3585), 24 days out.
[2026-07-20 09:08:57 PDT] More than 20 days before meeting — no meeting checks performed.
[2026-07-20 11:16:18 PDT] Proceeding A2507016: checking Proposed Decisions list.
[2026-07-20 11:16:24 PDT] Proceeding A2507016: 20 PD list entries, 0 match the proceeding.
[2026-07-20 11:16:24 PDT] Run start: target meeting 2026-08-13 (Agenda #3585), 24 days out.
[2026-07-20 11:16:24 PDT] More than 20 days before meeting — no meeting checks performed.
[2026-07-20 12:58:37 PDT] Proceeding A2507016: not due yet (interval 3:00:00). Last checked 2026-07-20T11:16:18.847235-07:00.
[2026-07-20 12:58:37 PDT] Run start: target meeting 2026-08-13 (Agenda #3585), 24 days out.
[2026-07-20 12:58:37 PDT] More than 20 days before meeting — no meeting checks performed.
[2026-07-20 14:13:09 PDT] Proceeding A2507016: not due yet (interval 3:00:00). Last checked 2026-07-20T11:16:18.847235-07:00.
[2026-07-20 14:13:09 PDT] Run start: target meeting 2026-08-13 (Agenda #3585), 24 days out.
[2026-07-20 14:13:09 PDT] More than 20 days before meeting — no meeting checks performed.
[2026-07-20 15:13:17 PDT] Proceeding A2507016: checking Proposed Decisions list.
[2026-07-20 15:13:19 PDT] Proceeding A2507016: 20 PD list entries, 0 match the proceeding.
[2026-07-20 15:13:19 PDT] Run start: target meeting 2026-08-13 (Agenda #3585), 24 days out.
[2026-07-20 15:13:19 PDT] More than 20 days before meeting — no meeting checks performed.
[2026-07-20 16:14:38 PDT] Proceeding A2507016: not due yet (interval 3:00:00). Last checked 2026-07-20T15:13:17.070761-07:00.
[2026-07-20 16:14:38 PDT] Run start: target meeting 2026-08-13 (Agenda #3585), 24 days out.
[2026-07-20 16:14:38 PDT] More than 20 days before meeting — no meeting checks performed.
[2026-07-20 17:10:44 PDT] Proceeding A2507016: not due yet (interval 3:00:00). Last checked 2026-07-20T15:13:17.070761-07:00.
[2026-07-20 17:10:44 PDT] Run start: target meeting 2026-08-13 (Agenda #3585), 24 days out.
[2026-07-20 17:10:44 PDT] More than 20 days before meeting — no meeting checks performed.
[2026-07-20 20:42:48 PDT] Proceeding A2507016: checking Proposed Decisions list.
[2026-07-20 20:42:54 PDT] Proceeding A2507016: 20 PD list entries, 0 match the proceeding.
[2026-07-20 20:42:54 PDT] Run start: target meeting 2026-08-13 (Agenda #3585), 24 days out.
[2026-07-20 20:42:54 PDT] More than 20 days before meeting — no meeting checks performed.
[2026-07-20 23:16:19 PDT] Proceeding A2507016: not due yet (interval 3:00:00). Last checked 2026-07-20T20:42:48.536496-07:00.
[2026-07-20 23:16:19 PDT] Run start: target meeting 2026-08-13 (Agenda #3585), 24 days out.
[2026-07-20 23:16:19 PDT] More than 20 days before meeting — no meeting checks performed.
[2026-07-21 01:48:01 PDT] Proceeding A2507016: checking Proposed Decisions list.
[2026-07-21 01:48:03 PDT] Proceeding A2507016: 20 PD list entries, 0 match the proceeding.
[2026-07-21 01:48:03 PDT] Run start: target meeting 2026-08-13 (Agenda #3585), 23 days out.
[2026-07-21 01:48:03 PDT] More than 20 days before meeting — no meeting checks performed.
[2026-07-21 03:52:52 PDT] Proceeding A2507016: not due yet (interval 3:00:00). Last checked 2026-07-21T01:48:01.923663-07:00.
[2026-07-21 03:52:52 PDT] Run start: target meeting 2026-08-13 (Agenda #3585), 23 days out.
[2026-07-21 03:52:52 PDT] More than 20 days before meeting — no meeting checks performed.
[2026-07-21 05:15:56 PDT] Proceeding A2507016: checking Proposed Decisions list.
[2026-07-21 05:16:02 PDT] Proceeding A2507016: 20 PD list entries, 0 match the proceeding.
[2026-07-21 05:16:02 PDT] Run start: target meeting 2026-08-13 (Agenda #3585), 23 days out.
[2026-07-21 05:16:02 PDT] More than 20 days before meeting — no meeting checks performed.
[2026-07-21 07:25:38 PDT] Proceeding A2507016: not due yet (interval 3:00:00). Last checked 2026-07-21T05:15:56.975444-07:00.
[2026-07-21 07:25:38 PDT] Run start: target meeting 2026-08-13 (Agenda #3585), 23 days out.
[2026-07-21 07:25:38 PDT] More than 20 days before meeting — no meeting checks performed.
[2026-07-21 08:59:45 PDT] Proceeding A2507016: checking Proposed Decisions list.
[2026-07-21 08:59:50 PDT] Proceeding A2507016: 20 PD list entries, 0 match the proceeding.
[2026-07-21 08:59:50 PDT] Run start: target meeting 2026-08-13 (Agenda #3585), 23 days out.
[2026-07-21 08:59:50 PDT] More than 20 days before meeting — no meeting checks performed.
[2026-07-21 10:26:00 PDT] Proceeding A2507016: not due yet (interval 3:00:00). Last checked 2026-07-21T08:59:45.918629-07:00.
[2026-07-21 10:26:00 PDT] Run start: target meeting 2026-08-13 (Agenda #3585), 23 days out.
[2026-07-21 10:26:00 PDT] More than 20 days before meeting — no meeting checks performed.
[2026-07-21 11:48:06 PDT] Proceeding A2507016: not due yet (interval 3:00:00). Last checked 2026-07-21T08:59:45.918629-07:00.
[2026-07-21 11:48:06 PDT] Run start: target meeting 2026-08-13 (Agenda #3585), 23 days out.
[2026-07-21 11:48:06 PDT] More than 20 days before meeting — no meeting checks performed.
[2026-07-21 13:07:37 PDT] Proceeding A2507016: checking Proposed Decisions list.
[2026-07-21 13:07:39 PDT] Proceeding A2507016: 20 PD list entries, 0 match the proceeding.
[2026-07-21 13:07:39 PDT] Run start: target meeting 2026-08-13 (Agenda #3585), 23 days out.
[2026-07-21 13:07:39 PDT] More than 20 days before meeting — no meeting checks performed.
[2026-07-21 14:23:36 PDT] Proceeding A2507016: not due yet (interval 3:00:00). Last checked 2026-07-21T13:07:37.183665-07:00.
[2026-07-21 14:23:36 PDT] Run start: target meeting 2026-08-13 (Agenda #3585), 23 days out.
[2026-07-21 14:23:36 PDT] More than 20 days before meeting — no meeting checks performed.
[2026-07-21 15:24:07 PDT] Proceeding A2507016: not due yet (interval 3:00:00). Last checked 2026-07-21T13:07:37.183665-07:00.
[2026-07-21 15:24:07 PDT] Run start: target meeting 2026-08-13 (Agenda #3585), 23 days out.
[2026-07-21 15:24:07 PDT] More than 20 days before meeting — no meeting checks performed.
[2026-07-21 16:26:29 PDT] Proceeding A2507016: checking Proposed Decisions list.
[2026-07-21 16:26:29 PDT] Proceeding A2507016: fetch error: HTTPError('500 Server Error: Internal Server Error for url: https://docs.cpuc.ca.gov/SearchRes.aspx?ProposedDecisions=1&DaySearch=30')
[2026-07-21 16:26:29 PDT] Run start: target meeting 2026-08-13 (Agenda #3585), 23 days out.
[2026-07-21 16:26:29 PDT] More than 20 days before meeting — no meeting checks performed.
[2026-07-21 17:55:01 PDT] Proceeding A2507016: not due yet (interval 3:00:00). Last checked 2026-07-21T16:26:29.606878-07:00.
[2026-07-21 17:55:01 PDT] Run start: target meeting 2026-08-13 (Agenda #3585), 23 days out.
[2026-07-21 17:55:01 PDT] More than 20 days before meeting — no meeting checks performed.
[2026-07-21 21:12:16 PDT] Proceeding A2507016: checking Proposed Decisions list.
[2026-07-21 21:12:20 PDT] Proceeding A2507016: 20 PD list entries, 0 match the proceeding.
[2026-07-21 21:12:20 PDT] Run start: target meeting 2026-08-13 (Agenda #3585), 23 days out.
[2026-07-21 21:12:20 PDT] More than 20 days before meeting — no meeting checks performed.
[2026-07-21 23:42:05 PDT] Proceeding A2507016: not due yet (interval 3:00:00). Last checked 2026-07-21T21:12:16.948277-07:00.
[2026-07-21 23:42:05 PDT] Run start: target meeting 2026-08-13 (Agenda #3585), 23 days out.
[2026-07-21 23:42:05 PDT] More than 20 days before meeting — no meeting checks performed.
[2026-07-22 02:14:51 PDT] Proceeding A2507016: checking Proposed Decisions list.
[2026-07-22 02:14:58 PDT] Proceeding A2507016: 20 PD list entries, 0 match the proceeding.
[2026-07-22 02:14:58 PDT] Run start: target meeting 2026-08-13 (Agenda #3585), 22 days out.
[2026-07-22 02:14:58 PDT] More than 20 days before meeting — no meeting checks performed.
[2026-07-22 04:20:42 PDT] Proceeding A2507016: not due yet (interval 3:00:00). Last checked 2026-07-22T02:14:51.946237-07:00.
[2026-07-22 04:20:42 PDT] Run start: target meeting 2026-08-13 (Agenda #3585), 22 days out.
[2026-07-22 04:20:42 PDT] More than 20 days before meeting — no meeting checks performed.
[2026-07-22 05:50:36 PDT] Proceeding A2507016: checking Proposed Decisions list.
[2026-07-22 05:50:42 PDT] Proceeding A2507016: 20 PD list entries, 0 match the proceeding.
[2026-07-22 05:50:42 PDT] Run start: target meeting 2026-08-13 (Agenda #3585), 22 days out.
[2026-07-22 05:50:42 PDT] More than 20 days before meeting — no meeting checks performed.
[2026-07-22 07:49:11 PDT] Proceeding A2507016: not due yet (interval 3:00:00). Last checked 2026-07-22T05:50:36.659119-07:00.
[2026-07-22 07:49:11 PDT] Run start: target meeting 2026-08-13 (Agenda #3585), 22 days out.
[2026-07-22 07:49:11 PDT] More than 20 days before meeting — no meeting checks performed.
[2026-07-22 09:09:35 PDT] Proceeding A2507016: checking Proposed Decisions list.
[2026-07-22 09:09:40 PDT] Proceeding A2507016: 20 PD list entries, 0 match the proceeding.
[2026-07-22 09:09:40 PDT] Run start: target meeting 2026-08-13 (Agenda #3585), 22 days out.
[2026-07-22 09:09:40 PDT] More than 20 days before meeting — no meeting checks performed.
[2026-07-22 10:39:48 PDT] Proceeding A2507016: not due yet (interval 3:00:00). Last checked 2026-07-22T09:09:35.114872-07:00.
[2026-07-22 10:39:48 PDT] Run start: target meeting 2026-08-13 (Agenda #3585), 22 days out.
[2026-07-22 10:39:48 PDT] More than 20 days before meeting — no meeting checks performed.
[2026-07-22 11:46:19 PDT] Proceeding A2507016: not due yet (interval 3:00:00). Last checked 2026-07-22T09:09:35.114872-07:00.
[2026-07-22 11:46:19 PDT] Run start: target meeting 2026-08-13 (Agenda #3585), 22 days out.
[2026-07-22 11:46:19 PDT] More than 20 days before meeting — no meeting checks performed.
[2026-07-22 12:59:53 PDT] Proceeding A2507016: checking Proposed Decisions list.
[2026-07-22 12:59:59 PDT] Proceeding A2507016: 20 PD list entries, 0 match the proceeding.
[2026-07-22 12:59:59 PDT] Run start: target meeting 2026-08-13 (Agenda #3585), 22 days out.
[2026-07-22 12:59:59 PDT] More than 20 days before meeting — no meeting checks performed.
[2026-07-22 14:14:30 PDT] Proceeding A2507016: not due yet (interval 3:00:00). Last checked 2026-07-22T12:59:53.972892-07:00.
[2026-07-22 14:14:30 PDT] Run start: target meeting 2026-08-13 (Agenda #3585), 22 days out.
[2026-07-22 14:14:30 PDT] More than 20 days before meeting — no meeting checks performed.
[2026-07-22 15:16:44 PDT] Proceeding A2507016: not due yet (interval 3:00:00). Last checked 2026-07-22T12:59:53.972892-07:00.
[2026-07-22 15:16:44 PDT] Run start: target meeting 2026-08-13 (Agenda #3585), 22 days out.
[2026-07-22 15:16:44 PDT] More than 20 days before meeting — no meeting checks performed.
[2026-07-22 16:17:20 PDT] Proceeding A2507016: checking Proposed Decisions list.
[2026-07-22 16:17:25 PDT] Proceeding A2507016: 20 PD list entries, 0 match the proceeding.
[2026-07-22 16:17:25 PDT] Run start: target meeting 2026-08-13 (Agenda #3585), 22 days out.
[2026-07-22 16:17:25 PDT] More than 20 days before meeting — no meeting checks performed.
[2026-07-22 17:15:19 PDT] Proceeding A2507016: not due yet (interval 3:00:00). Last checked 2026-07-22T16:17:20.591910-07:00.
[2026-07-22 17:15:19 PDT] Run start: target meeting 2026-08-13 (Agenda #3585), 22 days out.
[2026-07-22 17:15:19 PDT] More than 20 days before meeting — no meeting checks performed.
[2026-07-22 20:47:10 PDT] Proceeding A2507016: checking Proposed Decisions list.
[2026-07-22 20:47:12 PDT] Proceeding A2507016: 20 PD list entries, 0 match the proceeding.
[2026-07-22 20:47:12 PDT] Run start: target meeting 2026-08-13 (Agenda #3585), 22 days out.
[2026-07-22 20:47:12 PDT] More than 20 days before meeting — no meeting checks performed.
[2026-07-22 23:19:55 PDT] Proceeding A2507016: not due yet (interval 3:00:00). Last checked 2026-07-22T20:47:10.860893-07:00.
[2026-07-22 23:19:55 PDT] Run start: target meeting 2026-08-13 (Agenda #3585), 22 days out.
[2026-07-22 23:19:55 PDT] More than 20 days before meeting — no meeting checks performed.
[2026-07-23 02:02:39 PDT] Proceeding A2507016: checking Proposed Decisions list.
[2026-07-23 02:02:45 PDT] Proceeding A2507016: 20 PD list entries, 0 match the proceeding.
[2026-07-23 02:02:45 PDT] Run start: target meeting 2026-08-13 (Agenda #3585), 21 days out.
[2026-07-23 02:02:45 PDT] More than 20 days before meeting — no meeting checks performed.
[2026-07-23 04:17:18 PDT] Proceeding A2507016: not due yet (interval 3:00:00). Last checked 2026-07-23T02:02:39.933111-07:00.
[2026-07-23 04:17:18 PDT] Run start: target meeting 2026-08-13 (Agenda #3585), 21 days out.
[2026-07-23 04:17:18 PDT] More than 20 days before meeting — no meeting checks performed.
[2026-07-23 05:50:50 PDT] Proceeding A2507016: checking Proposed Decisions list.
[2026-07-23 05:50:55 PDT] Proceeding A2507016: 20 PD list entries, 0 match the proceeding.
[2026-07-23 05:50:55 PDT] Run start: target meeting 2026-08-13 (Agenda #3585), 21 days out.
[2026-07-23 05:50:55 PDT] More than 20 days before meeting — no meeting checks performed.
[2026-07-23 07:55:36 PDT] Proceeding A2507016: not due yet (interval 3:00:00). Last checked 2026-07-23T05:50:50.019841-07:00.
[2026-07-23 07:55:36 PDT] Run start: target meeting 2026-08-13 (Agenda #3585), 21 days out.
[2026-07-23 07:55:36 PDT] More than 20 days before meeting — no meeting checks performed.
[2026-07-23 09:22:33 PDT] Proceeding A2507016: checking Proposed Decisions list.
[2026-07-23 09:22:39 PDT] Proceeding A2507016: 20 PD list entries, 0 match the proceeding.
[2026-07-23 09:22:39 PDT] Run start: target meeting 2026-08-13 (Agenda #3585), 21 days out.
[2026-07-23 09:22:39 PDT] More than 20 days before meeting — no meeting checks performed.
[2026-07-23 10:51:43 PDT] Proceeding A2507016: not due yet (interval 3:00:00). Last checked 2026-07-23T09:22:33.592472-07:00.
[2026-07-23 10:51:43 PDT] Run start: target meeting 2026-08-13 (Agenda #3585), 21 days out.
[2026-07-23 10:51:43 PDT] More than 20 days before meeting — no meeting checks performed.
[2026-07-23 11:53:39 PDT] Proceeding A2507016: not due yet (interval 3:00:00). Last checked 2026-07-23T09:22:33.592472-07:00.
[2026-07-23 11:53:39 PDT] Run start: target meeting 2026-08-13 (Agenda #3585), 21 days out.
[2026-07-23 11:53:39 PDT] More than 20 days before meeting — no meeting checks performed.
[2026-07-23 13:05:52 PDT] Proceeding A2507016: checking Proposed Decisions list.
[2026-07-23 13:05:58 PDT] Proceeding A2507016: 20 PD list entries, 0 match the proceeding.
[2026-07-23 13:05:58 PDT] Run start: target meeting 2026-08-13 (Agenda #3585), 21 days out.
[2026-07-23 13:05:58 PDT] More than 20 days before meeting — no meeting checks performed.
[2026-07-23 14:18:13 PDT] Proceeding A2507016: not due yet (interval 3:00:00). Last checked 2026-07-23T13:05:52.739856-07:00.
[2026-07-23 14:18:13 PDT] Run start: target meeting 2026-08-13 (Agenda #3585), 21 days out.
[2026-07-23 14:18:13 PDT] More than 20 days before meeting — no meeting checks performed.
[2026-07-23 15:17:44 PDT] Proceeding A2507016: not due yet (interval 3:00:00). Last checked 2026-07-23T13:05:52.739856-07:00.
[2026-07-23 15:17:44 PDT] Run start: target meeting 2026-08-13 (Agenda #3585), 21 days out.
[2026-07-23 15:17:44 PDT] More than 20 days before meeting — no meeting checks performed.
[2026-07-23 16:14:36 PDT] Proceeding A2507016: checking Proposed Decisions list.
[2026-07-23 16:14:38 PDT] Proceeding A2507016: 20 PD list entries, 0 match the proceeding.
[2026-07-23 16:14:38 PDT] Run start: target meeting 2026-08-13 (Agenda #3585), 21 days out.
[2026-07-23 16:14:38 PDT] More than 20 days before meeting — no meeting checks performed.
[2026-07-23 17:11:49 PDT] Proceeding A2507016: not due yet (interval 3:00:00). Last checked 2026-07-23T16:14:36.937157-07:00.
[2026-07-23 17:11:49 PDT] Run start: target meeting 2026-08-13 (Agenda #3585), 21 days out.
[2026-07-23 17:11:49 PDT] More than 20 days before meeting — no meeting checks performed.
[2026-07-23 20:42:46 PDT] Proceeding A2507016: checking Proposed Decisions list.
[2026-07-23 20:42:52 PDT] Proceeding A2507016: 20 PD list entries, 0 match the proceeding.
[2026-07-23 20:42:52 PDT] Run start: target meeting 2026-08-13 (Agenda #3585), 21 days out.
[2026-07-23 20:42:52 PDT] More than 20 days before meeting — no meeting checks performed.
[2026-07-23 23:13:27 PDT] Proceeding A2507016: not due yet (interval 3:00:00). Last checked 2026-07-23T20:42:46.888757-07:00.
[2026-07-23 23:13:27 PDT] Run start: target meeting 2026-08-13 (Agenda #3585), 21 days out.
[2026-07-23 23:13:27 PDT] More than 20 days before meeting — no meeting checks performed.
[2026-07-24 01:42:47 PDT] Proceeding A2507016: checking Proposed Decisions list.
[2026-07-24 01:42:53 PDT] Proceeding A2507016: 20 PD list entries, 0 match the proceeding.
[2026-07-24 01:42:53 PDT] Run start: target meeting 2026-08-13 (Agenda #3585), 20 days out.
[2026-07-24 01:42:53 PDT] Agenda: checking (20 days out, interval 1 day, 0:00:00, A2507016 windows open until 2026-08-03 — daily).
[2026-07-24 01:43:06 PDT] Agenda: latest is 'Current Meeting Agenda for July 16, 2026 (Agenda #3584 - #5)'.
[2026-07-24 01:43:06 PDT] Agenda: does not match target 2026-08-13 (Agenda #3585) yet.
[2026-07-24 01:43:06 PDT] Hold List: skipped (agenda not yet confirmed).
[2026-07-24 01:43:06 PDT] Run complete.
[2026-07-24 03:47:47 PDT] Proceeding A2507016: not due yet (interval 3:00:00). Last checked 2026-07-24T01:42:47.063034-07:00.
[2026-07-24 03:47:47 PDT] Run start: target meeting 2026-08-13 (Agenda #3585), 20 days out.
[2026-07-24 03:47:47 PDT] Agenda: not due yet (20 days out, interval 1 day, 0:00:00, A2507016 windows open until 2026-08-03 — daily). Last checked 2026-07-24T01:42:47.063034-07:00.
[2026-07-24 03:47:47 PDT] Hold List: skipped (agenda not yet confirmed).
[2026-07-24 03:47:47 PDT] Run complete.
[2026-07-24 05:07:53 PDT] Proceeding A2507016: checking Proposed Decisions list.
[2026-07-24 05:07:58 PDT] Proceeding A2507016: 20 PD list entries, 0 match the proceeding.
[2026-07-24 05:07:58 PDT] Run start: target meeting 2026-08-13 (Agenda #3585), 20 days out.
[2026-07-24 05:07:58 PDT] Agenda: not due yet (20 days out, interval 1 day, 0:00:00, A2507016 windows open until 2026-08-03 — daily). Last checked 2026-07-24T01:42:47.063034-07:00.
[2026-07-24 05:07:58 PDT] Hold List: skipped (agenda not yet confirmed).
[2026-07-24 05:07:58 PDT] Run complete.
[2026-07-24 07:07:32 PDT] Proceeding A2507016: not due yet (interval 3:00:00). Last checked 2026-07-24T05:07:53.550586-07:00.
[2026-07-24 07:07:32 PDT] Run start: target meeting 2026-08-13 (Agenda #3585), 20 days out.
[2026-07-24 07:07:32 PDT] Agenda: not due yet (20 days out, interval 1 day, 0:00:00, A2507016 windows open until 2026-08-03 — daily). Last checked 2026-07-24T01:42:47.063034-07:00.
[2026-07-24 07:07:32 PDT] Hold List: skipped (agenda not yet confirmed).
[2026-07-24 07:07:32 PDT] Run complete.
[2026-07-24 08:41:31 PDT] Proceeding A2507016: checking Proposed Decisions list.
[2026-07-24 08:41:37 PDT] Proceeding A2507016: 20 PD list entries, 0 match the proceeding.
[2026-07-24 08:41:37 PDT] Run start: target meeting 2026-08-13 (Agenda #3585), 20 days out.
[2026-07-24 08:41:37 PDT] Agenda: not due yet (20 days out, interval 1 day, 0:00:00, A2507016 windows open until 2026-08-03 — daily). Last checked 2026-07-24T01:42:47.063034-07:00.
[2026-07-24 08:41:37 PDT] Hold List: skipped (agenda not yet confirmed).
[2026-07-24 08:41:37 PDT] Run complete.
[2026-07-24 10:11:26 PDT] Proceeding A2507016: not due yet (interval 3:00:00). Last checked 2026-07-24T08:41:31.568463-07:00.
[2026-07-24 10:11:26 PDT] Run start: target meeting 2026-08-13 (Agenda #3585), 20 days out.
[2026-07-24 10:11:26 PDT] Agenda: not due yet (20 days out, interval 1 day, 0:00:00, A2507016 windows open until 2026-08-03 — daily). Last checked 2026-07-24T01:42:47.063034-07:00.
[2026-07-24 10:11:26 PDT] Hold List: skipped (agenda not yet confirmed).
[2026-07-24 10:11:26 PDT] Run complete.
[2026-07-24 11:45:05 PDT] Proceeding A2507016: checking Proposed Decisions list.
[2026-07-24 11:45:09 PDT] Proceeding A2507016: fetch error: HTTPError('500 Server Error: Internal Server Error for url: https://docs.cpuc.ca.gov/SearchRes.aspx?ProposedDecisions=1&DaySearch=30')
[2026-07-24 11:45:09 PDT] Run start: target meeting 2026-08-13 (Agenda #3585), 20 days out.
[2026-07-24 11:45:09 PDT] Agenda: not due yet (20 days out, interval 1 day, 0:00:00, A2507016 windows open until 2026-08-03 — daily). Last checked 2026-07-24T01:42:47.063034-07:00.
[2026-07-24 11:45:09 PDT] Hold List: skipped (agenda not yet confirmed).
[2026-07-24 11:45:09 PDT] Run complete.
[2026-07-24 13:03:30 PDT] Proceeding A2507016: not due yet (interval 3:00:00). Last checked 2026-07-24T11:45:05.155006-07:00.
[2026-07-24 13:03:30 PDT] Run start: target meeting 2026-08-13 (Agenda #3585), 20 days out.
[2026-07-24 13:03:30 PDT] Agenda: not due yet (20 days out, interval 1 day, 0:00:00, A2507016 windows open until 2026-08-03 — daily). Last checked 2026-07-24T01:42:47.063034-07:00.
[2026-07-24 13:03:30 PDT] Hold List: skipped (agenda not yet confirmed).
[2026-07-24 13:03:30 PDT] Run complete.
[2026-07-24 14:15:30 PDT] Proceeding A2507016: not due yet (interval 3:00:00). Last checked 2026-07-24T11:45:05.155006-07:00.
[2026-07-24 14:15:30 PDT] Run start: target meeting 2026-08-13 (Agenda #3585), 20 days out.
[2026-07-24 14:15:30 PDT] Agenda: not due yet (20 days out, interval 1 day, 0:00:00, A2507016 windows open until 2026-08-03 — daily). Last checked 2026-07-24T01:42:47.063034-07:00.
[2026-07-24 14:15:30 PDT] Hold List: skipped (agenda not yet confirmed).
[2026-07-24 14:15:30 PDT] Run complete.
[2026-07-24 15:28:30 PDT] Proceeding A2507016: checking Proposed Decisions list.
[2026-07-24 15:28:35 PDT] Proceeding A2507016: fetch error: HTTPError('500 Server Error: Internal Server Error for url: https://docs.cpuc.ca.gov/SearchRes.aspx?ProposedDecisions=1&DaySearch=30')
[2026-07-24 15:28:35 PDT] Run start: target meeting 2026-08-13 (Agenda #3585), 20 days out.
[2026-07-24 15:28:35 PDT] Agenda: not due yet (20 days out, interval 1 day, 0:00:00, A2507016 windows open until 2026-08-03 — daily). Last checked 2026-07-24T01:42:47.063034-07:00.
[2026-07-24 15:28:35 PDT] Hold List: skipped (agenda not yet confirmed).
[2026-07-24 15:28:35 PDT] Run complete.
[2026-07-24 16:33:03 PDT] Proceeding A2507016: not due yet (interval 3:00:00). Last checked 2026-07-24T15:28:30.859091-07:00.
[2026-07-24 16:33:03 PDT] Run start: target meeting 2026-08-13 (Agenda #3585), 20 days out.
[2026-07-24 16:33:03 PDT] Agenda: not due yet (20 days out, interval 1 day, 0:00:00, A2507016 windows open until 2026-08-03 — daily). Last checked 2026-07-24T01:42:47.063034-07:00.
[2026-07-24 16:33:03 PDT] Hold List: skipped (agenda not yet confirmed).
[2026-07-24 16:33:03 PDT] Run complete.
[2026-07-24 18:04:53 PDT] Proceeding A2507016: not due yet (interval 3:00:00). Last checked 2026-07-24T15:28:30.859091-07:00.
[2026-07-24 18:04:53 PDT] Run start: target meeting 2026-08-13 (Agenda #3585), 20 days out.
[2026-07-24 18:04:53 PDT] Agenda: not due yet (20 days out, interval 1 day, 0:00:00, A2507016 windows open until 2026-08-03 — daily). Last checked 2026-07-24T01:42:47.063034-07:00.
[2026-07-24 18:04:53 PDT] Hold List: skipped (agenda not yet confirmed).
[2026-07-24 18:04:53 PDT] Run complete.
[2026-07-24 21:20:25 PDT] Proceeding A2507016: checking Proposed Decisions list.
[2026-07-24 21:20:27 PDT] Proceeding A2507016: 20 PD list entries, 0 match the proceeding.
[2026-07-24 21:20:27 PDT] Run start: target meeting 2026-08-13 (Agenda #3585), 20 days out.
[2026-07-24 21:20:27 PDT] Agenda: not due yet (20 days out, interval 1 day, 0:00:00, A2507016 windows open until 2026-08-03 — daily). Last checked 2026-07-24T01:42:47.063034-07:00.
[2026-07-24 21:20:27 PDT] Hold List: skipped (agenda not yet confirmed).
[2026-07-24 21:20:27 PDT] Run complete.
[2026-07-24 23:32:57 PDT] Proceeding A2507016: not due yet (interval 3:00:00). Last checked 2026-07-24T21:20:25.614543-07:00.
[2026-07-24 23:32:57 PDT] Run start: target meeting 2026-08-13 (Agenda #3585), 20 days out.
[2026-07-24 23:32:57 PDT] Agenda: not due yet (20 days out, interval 1 day, 0:00:00, A2507016 windows open until 2026-08-03 — daily). Last checked 2026-07-24T01:42:47.063034-07:00.
[2026-07-24 23:32:57 PDT] Hold List: skipped (agenda not yet confirmed).
[2026-07-24 23:32:57 PDT] Run complete.
[2026-07-25 01:32:51 PDT] Proceeding A2507016: checking Proposed Decisions list.
[2026-07-25 01:32:52 PDT] Proceeding A2507016: 20 PD list entries, 0 match the proceeding.
[2026-07-25 01:32:52 PDT] Run start: target meeting 2026-08-13 (Agenda #3585), 19 days out.
[2026-07-25 01:32:52 PDT] Agenda: not due yet (19 days out, interval 1 day, 0:00:00, A2507016 windows open until 2026-08-03 — daily). Last checked 2026-07-24T01:42:47.063034-07:00.
[2026-07-25 01:32:52 PDT] Hold List: skipped (agenda not yet confirmed).
[2026-07-25 01:32:52 PDT] Run complete.
[2026-07-25 03:11:39 PDT] Proceeding A2507016: not due yet (interval 3:00:00). Last checked 2026-07-25T01:32:51.066922-07:00.
[2026-07-25 03:11:39 PDT] Run start: target meeting 2026-08-13 (Agenda #3585), 19 days out.
[2026-07-25 03:11:39 PDT] Agenda: checking (19 days out, interval 1 day, 0:00:00, A2507016 windows open until 2026-08-03 — daily).
[2026-07-25 03:11:49 PDT] Agenda: latest is 'Current Meeting Agenda for July 16, 2026 (Agenda #3584 - #5)'.
[2026-07-25 03:11:49 PDT] Agenda: does not match target 2026-08-13 (Agenda #3585) yet.
[2026-07-25 03:11:49 PDT] Hold List: skipped (agenda not yet confirmed).
[2026-07-25 03:11:49 PDT] Run complete.
[2026-07-25 04:32:58 PDT] Proceeding A2507016: checking Proposed Decisions list.
[2026-07-25 04:32:59 PDT] Proceeding A2507016: 20 PD list entries, 0 match the proceeding.
[2026-07-25 04:32:59 PDT] Run start: target meeting 2026-08-13 (Agenda #3585), 19 days out.
[2026-07-25 04:32:59 PDT] Agenda: not due yet (19 days out, interval 1 day, 0:00:00, A2507016 windows open until 2026-08-03 — daily). Last checked 2026-07-25T03:11:39.123355-07:00.
[2026-07-25 04:32:59 PDT] Hold List: skipped (agenda not yet confirmed).
[2026-07-25 04:32:59 PDT] Run complete.
[2026-07-25 07:13:01 PDT] Proceeding A2507016: not due yet (interval 3:00:00). Last checked 2026-07-25T04:32:58.108772-07:00.
[2026-07-25 07:13:01 PDT] Run start: target meeting 2026-08-13 (Agenda #3585), 19 days out.
[2026-07-25 07:13:01 PDT] Agenda: not due yet (19 days out, interval 1 day, 0:00:00, A2507016 windows open until 2026-08-03 — daily). Last checked 2026-07-25T03:11:39.123355-07:00.
[2026-07-25 07:13:01 PDT] Hold List: skipped (agenda not yet confirmed).
[2026-07-25 07:13:01 PDT] Run complete.
[2026-07-25 08:19:24 PDT] Proceeding A2507016: checking Proposed Decisions list.
[2026-07-25 08:19:25 PDT] Proceeding A2507016: 20 PD list entries, 0 match the proceeding.
[2026-07-25 08:19:25 PDT] Run start: target meeting 2026-08-13 (Agenda #3585), 19 days out.
[2026-07-25 08:19:25 PDT] Agenda: not due yet (19 days out, interval 1 day, 0:00:00, A2507016 windows open until 2026-08-03 — daily). Last checked 2026-07-25T03:11:39.123355-07:00.
[2026-07-25 08:19:25 PDT] Hold List: skipped (agenda not yet confirmed).
[2026-07-25 08:19:25 PDT] Run complete.
[2026-07-25 09:14:36 PDT] Proceeding A2507016: not due yet (interval 3:00:00). Last checked 2026-07-25T08:19:24.402268-07:00.
[2026-07-25 09:14:36 PDT] Run start: target meeting 2026-08-13 (Agenda #3585), 19 days out.
[2026-07-25 09:14:36 PDT] Agenda: not due yet (19 days out, interval 1 day, 0:00:00, A2507016 windows open until 2026-08-03 — daily). Last checked 2026-07-25T03:11:39.123355-07:00.
[2026-07-25 09:14:36 PDT] Hold List: skipped (agenda not yet confirmed).
[2026-07-25 09:14:36 PDT] Run complete.
[2026-07-25 10:16:58 PDT] Proceeding A2507016: not due yet (interval 3:00:00). Last checked 2026-07-25T08:19:24.402268-07:00.
[2026-07-25 10:16:58 PDT] Run start: target meeting 2026-08-13 (Agenda #3585), 19 days out.
[2026-07-25 10:16:58 PDT] Agenda: not due yet (19 days out, interval 1 day, 0:00:00, A2507016 windows open until 2026-08-03 — daily). Last checked 2026-07-25T03:11:39.123355-07:00.
[2026-07-25 10:16:58 PDT] Hold List: skipped (agenda not yet confirmed).
[2026-07-25 10:16:58 PDT] Run complete.
[2026-07-25 11:10:20 PDT] Proceeding A2507016: not due yet (interval 3:00:00). Last checked 2026-07-25T08:19:24.402268-07:00.
[2026-07-25 11:10:20 PDT] Run start: target meeting 2026-08-13 (Agenda #3585), 19 days out.
[2026-07-25 11:10:20 PDT] Agenda: not due yet (19 days out, interval 1 day, 0:00:00, A2507016 windows open until 2026-08-03 — daily). Last checked 2026-07-25T03:11:39.123355-07:00.
[2026-07-25 11:10:20 PDT] Hold List: skipped (agenda not yet confirmed).
[2026-07-25 11:10:20 PDT] Run complete.
[2026-07-25 12:32:37 PDT] Proceeding A2507016: checking Proposed Decisions list.
[2026-07-25 12:32:39 PDT] Proceeding A2507016: 20 PD list entries, 0 match the proceeding.
[2026-07-25 12:32:39 PDT] Run start: target meeting 2026-08-13 (Agenda #3585), 19 days out.
[2026-07-25 12:32:39 PDT] Agenda: not due yet (19 days out, interval 1 day, 0:00:00, A2507016 windows open until 2026-08-03 — daily). Last checked 2026-07-25T03:11:39.123355-07:00.
[2026-07-25 12:32:39 PDT] Hold List: skipped (agenda not yet confirmed).
[2026-07-25 12:32:39 PDT] Run complete.
[2026-07-25 13:28:39 PDT] Proceeding A2507016: not due yet (interval 3:00:00). Last checked 2026-07-25T12:32:37.445908-07:00.
[2026-07-25 13:28:39 PDT] Run start: target meeting 2026-08-13 (Agenda #3585), 19 days out.
[2026-07-25 13:28:39 PDT] Agenda: not due yet (19 days out, interval 1 day, 0:00:00, A2507016 windows open until 2026-08-03 — daily). Last checked 2026-07-25T03:11:39.123355-07:00.
[2026-07-25 13:28:39 PDT] Hold List: skipped (agenda not yet confirmed).
[2026-07-25 13:28:39 PDT] Run complete.
[2026-07-25 14:25:41 PDT] Proceeding A2507016: not due yet (interval 3:00:00). Last checked 2026-07-25T12:32:37.445908-07:00.
[2026-07-25 14:25:41 PDT] Run start: target meeting 2026-08-13 (Agenda #3585), 19 days out.
[2026-07-25 14:25:41 PDT] Agenda: not due yet (19 days out, interval 1 day, 0:00:00, A2507016 windows open until 2026-08-03 — daily). Last checked 2026-07-25T03:11:39.123355-07:00.
[2026-07-25 14:25:41 PDT] Hold List: skipped (agenda not yet confirmed).
[2026-07-25 14:25:41 PDT] Run complete.
[2026-07-25 15:25:08 PDT] Proceeding A2507016: not due yet (interval 3:00:00). Last checked 2026-07-25T12:32:37.445908-07:00.
[2026-07-25 15:25:08 PDT] Run start: target meeting 2026-08-13 (Agenda #3585), 19 days out.
[2026-07-25 15:25:08 PDT] Agenda: not due yet (19 days out, interval 1 day, 0:00:00, A2507016 windows open until 2026-08-03 — daily). Last checked 2026-07-25T03:11:39.123355-07:00.
[2026-07-25 15:25:08 PDT] Hold List: skipped (agenda not yet confirmed).
[2026-07-25 15:25:08 PDT] Run complete.
[2026-07-25 16:28:12 PDT] Proceeding A2507016: checking Proposed Decisions list.
[2026-07-25 16:28:18 PDT] Proceeding A2507016: 20 PD list entries, 0 match the proceeding.
[2026-07-25 16:28:18 PDT] Run start: target meeting 2026-08-13 (Agenda #3585), 19 days out.
[2026-07-25 16:28:18 PDT] Agenda: not due yet (19 days out, interval 1 day, 0:00:00, A2507016 windows open until 2026-08-03 — daily). Last checked 2026-07-25T03:11:39.123355-07:00.
[2026-07-25 16:28:18 PDT] Hold List: skipped (agenda not yet confirmed).
[2026-07-25 16:28:18 PDT] Run complete.
[2026-07-25 18:06:40 PDT] Proceeding A2507016: not due yet (interval 3:00:00). Last checked 2026-07-25T16:28:12.715960-07:00.
[2026-07-25 18:06:40 PDT] Run start: target meeting 2026-08-13 (Agenda #3585), 19 days out.
[2026-07-25 18:06:40 PDT] Agenda: not due yet (19 days out, interval 1 day, 0:00:00, A2507016 windows open until 2026-08-03 — daily). Last checked 2026-07-25T03:11:39.123355-07:00.
[2026-07-25 18:06:40 PDT] Hold List: skipped (agenda not yet confirmed).
[2026-07-25 18:06:40 PDT] Run complete.
[2026-07-25 21:36:36 PDT] Proceeding A2507016: checking Proposed Decisions list.
[2026-07-25 21:36:38 PDT] Proceeding A2507016: 20 PD list entries, 0 match the proceeding.
[2026-07-25 21:36:38 PDT] Run start: target meeting 2026-08-13 (Agenda #3585), 19 days out.
[2026-07-25 21:36:38 PDT] Agenda: not due yet (19 days out, interval 1 day, 0:00:00, A2507016 windows open until 2026-08-03 — daily). Last checked 2026-07-25T03:11:39.123355-07:00.
[2026-07-25 21:36:38 PDT] Hold List: skipped (agenda not yet confirmed).
[2026-07-25 21:36:38 PDT] Run complete.
[2026-07-26 00:15:13 PDT] Proceeding A2507016: not due yet (interval 3:00:00). Last checked 2026-07-25T21:36:36.112363-07:00.
[2026-07-26 00:15:13 PDT] Run start: target meeting 2026-08-13 (Agenda #3585), 18 days out.
[2026-07-26 00:15:13 PDT] Agenda: not due yet (18 days out, interval 1 day, 0:00:00, A2507016 windows open until 2026-08-03 — daily). Last checked 2026-07-25T03:11:39.123355-07:00.
[2026-07-26 00:15:13 PDT] Hold List: skipped (agenda not yet confirmed).
[2026-07-26 00:15:13 PDT] Run complete.
[2026-07-26 02:25:05 PDT] Proceeding A2507016: checking Proposed Decisions list.
[2026-07-26 02:25:11 PDT] Proceeding A2507016: 20 PD list entries, 0 match the proceeding.
[2026-07-26 02:25:11 PDT] Run start: target meeting 2026-08-13 (Agenda #3585), 18 days out.
[2026-07-26 02:25:11 PDT] Agenda: not due yet (18 days out, interval 1 day, 0:00:00, A2507016 windows open until 2026-08-03 — daily). Last checked 2026-07-25T03:11:39.123355-07:00.
[2026-07-26 02:25:11 PDT] Hold List: skipped (agenda not yet confirmed).
[2026-07-26 02:25:11 PDT] Run complete.
[2026-07-26 03:57:29 PDT] Proceeding A2507016: not due yet (interval 3:00:00). Last checked 2026-07-26T02:25:05.814754-07:00.
[2026-07-26 03:57:29 PDT] Run start: target meeting 2026-08-13 (Agenda #3585), 18 days out.
[2026-07-26 03:57:29 PDT] Agenda: checking (18 days out, interval 1 day, 0:00:00, A2507016 windows open until 2026-08-03 — daily).
[2026-07-26 03:57:43 PDT] Agenda: latest is 'Current Meeting Agenda for July 16, 2026 (Agenda #3584 - #5)'.
[2026-07-26 03:57:43 PDT] Agenda: does not match target 2026-08-13 (Agenda #3585) yet.
[2026-07-26 03:57:43 PDT] Hold List: skipped (agenda not yet confirmed).
[2026-07-26 03:57:43 PDT] Run complete.
[2026-07-26 05:02:08 PDT] Proceeding A2507016: not due yet (interval 3:00:00). Last checked 2026-07-26T02:25:05.814754-07:00.
[2026-07-26 05:02:08 PDT] Run start: target meeting 2026-08-13 (Agenda #3585), 18 days out.
[2026-07-26 05:02:08 PDT] Agenda: not due yet (18 days out, interval 1 day, 0:00:00, A2507016 windows open until 2026-08-03 — daily). Last checked 2026-07-26T03:57:29.115730-07:00.
[2026-07-26 05:02:08 PDT] Hold List: skipped (agenda not yet confirmed).
[2026-07-26 05:02:08 PDT] Run complete.
[2026-07-26 06:47:27 PDT] Proceeding A2507016: checking Proposed Decisions list.
[2026-07-26 06:47:28 PDT] Proceeding A2507016: 20 PD list entries, 0 match the proceeding.
[2026-07-26 06:47:28 PDT] Run start: target meeting 2026-08-13 (Agenda #3585), 18 days out.
[2026-07-26 06:47:28 PDT] Agenda: not due yet (18 days out, interval 1 day, 0:00:00, A2507016 windows open until 2026-08-03 — daily). Last checked 2026-07-26T03:57:29.115730-07:00.
[2026-07-26 06:47:28 PDT] Hold List: skipped (agenda not yet confirmed).
[2026-07-26 06:47:28 PDT] Run complete.
[2026-07-26 07:52:20 PDT] Proceeding A2507016: not due yet (interval 3:00:00). Last checked 2026-07-26T06:47:27.198473-07:00.
[2026-07-26 07:52:20 PDT] Run start: target meeting 2026-08-13 (Agenda #3585), 18 days out.
[2026-07-26 07:52:20 PDT] Agenda: not due yet (18 days out, interval 1 day, 0:00:00, A2507016 windows open until 2026-08-03 — daily). Last checked 2026-07-26T03:57:29.115730-07:00.
[2026-07-26 07:52:20 PDT] Hold List: skipped (agenda not yet confirmed).
[2026-07-26 07:52:20 PDT] Run complete.
[2026-07-26 08:50:00 PDT] Proceeding A2507016: not due yet (interval 3:00:00). Last checked 2026-07-26T06:47:27.198473-07:00.
[2026-07-26 08:50:00 PDT] Run start: target meeting 2026-08-13 (Agenda #3585), 18 days out.
[2026-07-26 08:50:00 PDT] Agenda: not due yet (18 days out, interval 1 day, 0:00:00, A2507016 windows open until 2026-08-03 — daily). Last checked 2026-07-26T03:57:29.115730-07:00.
[2026-07-26 08:50:00 PDT] Hold List: skipped (agenda not yet confirmed).
[2026-07-26 08:50:00 PDT] Run complete.
[2026-07-26 09:39:58 PDT] Proceeding A2507016: not due yet (interval 3:00:00). Last checked 2026-07-26T06:47:27.198473-07:00.
[2026-07-26 09:39:58 PDT] Run start: target meeting 2026-08-13 (Agenda #3585), 18 days out.
[2026-07-26 09:39:58 PDT] Agenda: not due yet (18 days out, interval 1 day, 0:00:00, A2507016 windows open until 2026-08-03 — daily). Last checked 2026-07-26T03:57:29.115730-07:00.
[2026-07-26 09:39:58 PDT] Hold List: skipped (agenda not yet confirmed).
[2026-07-26 09:39:58 PDT] Run complete.
[2026-07-26 10:41:28 PDT] Proceeding A2507016: checking Proposed Decisions list.
[2026-07-26 10:41:33 PDT] Proceeding A2507016: 20 PD list entries, 0 match the proceeding.
[2026-07-26 10:41:33 PDT] Run start: target meeting 2026-08-13 (Agenda #3585), 18 days out.
[2026-07-26 10:41:33 PDT] Agenda: not due yet (18 days out, interval 1 day, 0:00:00, A2507016 windows open until 2026-08-03 — daily). Last checked 2026-07-26T03:57:29.115730-07:00.
[2026-07-26 10:41:33 PDT] Hold List: skipped (agenda not yet confirmed).
[2026-07-26 10:41:33 PDT] Run complete.
[2026-07-26 11:42:01 PDT] Proceeding A2507016: not due yet (interval 3:00:00). Last checked 2026-07-26T10:41:28.407303-07:00.
[2026-07-26 11:42:01 PDT] Run start: target meeting 2026-08-13 (Agenda #3585), 18 days out.
[2026-07-26 11:42:01 PDT] Agenda: not due yet (18 days out, interval 1 day, 0:00:00, A2507016 windows open until 2026-08-03 — daily). Last checked 2026-07-26T03:57:29.115730-07:00.
[2026-07-26 11:42:01 PDT] Hold List: skipped (agenda not yet confirmed).
[2026-07-26 11:42:01 PDT] Run complete.
[2026-07-26 12:53:17 PDT] Proceeding A2507016: not due yet (interval 3:00:00). Last checked 2026-07-26T10:41:28.407303-07:00.
[2026-07-26 12:53:17 PDT] Run start: target meeting 2026-08-13 (Agenda #3585), 18 days out.
[2026-07-26 12:53:17 PDT] Agenda: not due yet (18 days out, interval 1 day, 0:00:00, A2507016 windows open until 2026-08-03 — daily). Last checked 2026-07-26T03:57:29.115730-07:00.
[2026-07-26 12:53:17 PDT] Hold List: skipped (agenda not yet confirmed).
[2026-07-26 12:53:17 PDT] Run complete.
[2026-07-26 13:43:29 PDT] Proceeding A2507016: checking Proposed Decisions list.
[2026-07-26 13:43:35 PDT] Proceeding A2507016: 20 PD list entries, 0 match the proceeding.
[2026-07-26 13:43:35 PDT] Run start: target meeting 2026-08-13 (Agenda #3585), 18 days out.
[2026-07-26 13:43:35 PDT] Agenda: not due yet (18 days out, interval 1 day, 0:00:00, A2507016 windows open until 2026-08-03 — daily). Last checked 2026-07-26T03:57:29.115730-07:00.
[2026-07-26 13:43:35 PDT] Hold List: skipped (agenda not yet confirmed).
[2026-07-26 13:43:35 PDT] Run complete.
[2026-07-26 14:40:19 PDT] Proceeding A2507016: not due yet (interval 3:00:00). Last checked 2026-07-26T13:43:29.610467-07:00.
[2026-07-26 14:40:19 PDT] Run start: target meeting 2026-08-13 (Agenda #3585), 18 days out.
[2026-07-26 14:40:19 PDT] Agenda: not due yet (18 days out, interval 1 day, 0:00:00, A2507016 windows open until 2026-08-03 — daily). Last checked 2026-07-26T03:57:29.115730-07:00.
[2026-07-26 14:40:19 PDT] Hold List: skipped (agenda not yet confirmed).
[2026-07-26 14:40:19 PDT] Run complete.
[2026-07-26 15:39:53 PDT] Proceeding A2507016: not due yet (interval 3:00:00). Last checked 2026-07-26T13:43:29.610467-07:00.
[2026-07-26 15:39:53 PDT] Run start: target meeting 2026-08-13 (Agenda #3585), 18 days out.
[2026-07-26 15:39:53 PDT] Agenda: not due yet (18 days out, interval 1 day, 0:00:00, A2507016 windows open until 2026-08-03 — daily). Last checked 2026-07-26T03:57:29.115730-07:00.
[2026-07-26 15:39:53 PDT] Hold List: skipped (agenda not yet confirmed).
[2026-07-26 15:39:53 PDT] Run complete.
[2026-07-26 16:39:32 PDT] Proceeding A2507016: not due yet (interval 3:00:00). Last checked 2026-07-26T13:43:29.610467-07:00.
[2026-07-26 16:39:32 PDT] Run start: target meeting 2026-08-13 (Agenda #3585), 18 days out.
[2026-07-26 16:39:32 PDT] Agenda: not due yet (18 days out, interval 1 day, 0:00:00, A2507016 windows open until 2026-08-03 — daily). Last checked 2026-07-26T03:57:29.115730-07:00.
[2026-07-26 16:39:32 PDT] Hold List: skipped (agenda not yet confirmed).
[2026-07-26 16:39:32 PDT] Run complete.
[2026-07-26 18:16:45 PDT] Proceeding A2507016: checking Proposed Decisions list.
[2026-07-26 18:16:50 PDT] Proceeding A2507016: 20 PD list entries, 0 match the proceeding.
[2026-07-26 18:16:50 PDT] Run start: target meeting 2026-08-13 (Agenda #3585), 18 days out.
[2026-07-26 18:16:50 PDT] Agenda: not due yet (18 days out, interval 1 day, 0:00:00, A2507016 windows open until 2026-08-03 — daily). Last checked 2026-07-26T03:57:29.115730-07:00.
[2026-07-26 18:16:50 PDT] Hold List: skipped (agenda not yet confirmed).
[2026-07-26 18:16:50 PDT] Run complete.
[2026-07-26 21:54:53 PDT] Proceeding A2507016: checking Proposed Decisions list.
[2026-07-26 21:54:54 PDT] Proceeding A2507016: 20 PD list entries, 0 match the proceeding.
[2026-07-26 21:54:54 PDT] Run start: target meeting 2026-08-13 (Agenda #3585), 18 days out.
[2026-07-26 21:54:54 PDT] Agenda: not due yet (18 days out, interval 1 day, 0:00:00, A2507016 windows open until 2026-08-03 — daily). Last checked 2026-07-26T03:57:29.115730-07:00.
[2026-07-26 21:54:54 PDT] Hold List: skipped (agenda not yet confirmed).
[2026-07-26 21:54:54 PDT] Run complete.
[2026-07-27 01:22:45 PDT] Proceeding A2507016: checking Proposed Decisions list.
[2026-07-27 01:22:51 PDT] Proceeding A2507016: 20 PD list entries, 0 match the proceeding.
[2026-07-27 01:22:51 PDT] Run start: target meeting 2026-08-13 (Agenda #3585), 17 days out.
[2026-07-27 01:22:51 PDT] Agenda: not due yet (17 days out, interval 1 day, 0:00:00, A2507016 windows open until 2026-08-03 — daily). Last checked 2026-07-26T03:57:29.115730-07:00.
[2026-07-27 01:22:51 PDT] Hold List: skipped (agenda not yet confirmed).
[2026-07-27 01:22:51 PDT] Run complete.
[2026-07-27 04:46:04 PDT] Proceeding A2507016: checking Proposed Decisions list.
[2026-07-27 04:46:10 PDT] Proceeding A2507016: 20 PD list entries, 0 match the proceeding.
[2026-07-27 04:46:10 PDT] Run start: target meeting 2026-08-13 (Agenda #3585), 17 days out.
[2026-07-27 04:46:10 PDT] Agenda: checking (17 days out, interval 1 day, 0:00:00, A2507016 windows open until 2026-08-03 — daily).
[2026-07-27 04:46:25 PDT] Agenda: latest is 'Current Meeting Agenda for July 16, 2026 (Agenda #3584 - #5)'.
[2026-07-27 04:46:25 PDT] Agenda: does not match target 2026-08-13 (Agenda #3585) yet.
[2026-07-27 04:46:25 PDT] Hold List: skipped (agenda not yet confirmed).
[2026-07-27 04:46:25 PDT] Run complete.
[2026-07-27 06:59:52 PDT] Proceeding A2507016: not due yet (interval 3:00:00). Last checked 2026-07-27T04:46:04.396897-07:00.
[2026-07-27 06:59:52 PDT] Run start: target meeting 2026-08-13 (Agenda #3585), 17 days out.
[2026-07-27 06:59:52 PDT] Agenda: not due yet (17 days out, interval 1 day, 0:00:00, A2507016 windows open until 2026-08-03 — daily). Last checked 2026-07-27T04:46:04.396897-07:00.
[2026-07-27 06:59:52 PDT] Hold List: skipped (agenda not yet confirmed).
[2026-07-27 06:59:52 PDT] Run complete.
[2026-07-27 09:25:34 PDT] Proceeding A2507016: checking Proposed Decisions list.
[2026-07-27 09:25:36 PDT] Proceeding A2507016: 20 PD list entries, 0 match the proceeding.
[2026-07-27 09:25:36 PDT] Run start: target meeting 2026-08-13 (Agenda #3585), 17 days out.
[2026-07-27 09:25:36 PDT] Agenda: not due yet (17 days out, interval 1 day, 0:00:00, A2507016 windows open until 2026-08-03 — daily). Last checked 2026-07-27T04:46:04.396897-07:00.
[2026-07-27 09:25:36 PDT] Hold List: skipped (agenda not yet confirmed).
[2026-07-27 09:25:36 PDT] Run complete.
[2026-07-27 11:00:51 PDT] Proceeding A2507016: not due yet (interval 3:00:00). Last checked 2026-07-27T09:25:34.878306-07:00.
[2026-07-27 11:00:51 PDT] Run start: target meeting 2026-08-13 (Agenda #3585), 17 days out.
[2026-07-27 11:00:51 PDT] Agenda: not due yet (17 days out, interval 1 day, 0:00:00, A2507016 windows open until 2026-08-03 — daily). Last checked 2026-07-27T04:46:04.396897-07:00.
[2026-07-27 11:00:51 PDT] Hold List: skipped (agenda not yet confirmed).
[2026-07-27 11:00:51 PDT] Run complete.
[2026-07-27 12:46:30 PDT] Proceeding A2507016: checking Proposed Decisions list.
[2026-07-27 12:46:32 PDT] Proceeding A2507016: 20 PD list entries, 0 match the proceeding.
[2026-07-27 12:46:32 PDT] Run start: target meeting 2026-08-13 (Agenda #3585), 17 days out.
[2026-07-27 12:46:32 PDT] Agenda: not due yet (17 days out, interval 1 day, 0:00:00, A2507016 windows open until 2026-08-03 — daily). Last checked 2026-07-27T04:46:04.396897-07:00.
[2026-07-27 12:46:32 PDT] Hold List: skipped (agenda not yet confirmed).
[2026-07-27 12:46:32 PDT] Run complete.
[2026-07-27 13:54:53 PDT] Proceeding A2507016: not due yet (interval 3:00:00). Last checked 2026-07-27T12:46:30.765148-07:00.
[2026-07-27 13:54:53 PDT] Run start: target meeting 2026-08-13 (Agenda #3585), 17 days out.
[2026-07-27 13:54:53 PDT] Agenda: not due yet (17 days out, interval 1 day, 0:00:00, A2507016 windows open until 2026-08-03 — daily). Last checked 2026-07-27T04:46:04.396897-07:00.
[2026-07-27 13:54:53 PDT] Hold List: skipped (agenda not yet confirmed).
[2026-07-27 13:54:53 PDT] Run complete.
[2026-07-27 14:57:29 PDT] Proceeding A2507016: not due yet (interval 3:00:00). Last checked 2026-07-27T12:46:30.765148-07:00.
[2026-07-27 14:57:29 PDT] Run start: target meeting 2026-08-13 (Agenda #3585), 17 days out.
[2026-07-27 14:57:29 PDT] Agenda: not due yet (17 days out, interval 1 day, 0:00:00, A2507016 windows open until 2026-08-03 — daily). Last checked 2026-07-27T04:46:04.396897-07:00.
[2026-07-27 14:57:29 PDT] Hold List: skipped (agenda not yet confirmed).
[2026-07-27 14:57:29 PDT] Run complete.
[2026-07-27 16:00:39 PDT] Proceeding A2507016: checking Proposed Decisions list.
[2026-07-27 16:00:46 PDT] Proceeding A2507016: 20 PD list entries, 0 match the proceeding.
[2026-07-27 16:00:46 PDT] Run start: target meeting 2026-08-13 (Agenda #3585), 17 days out.
[2026-07-27 16:00:46 PDT] Agenda: not due yet (17 days out, interval 1 day, 0:00:00, A2507016 windows open until 2026-08-03 — daily). Last checked 2026-07-27T04:46:04.396897-07:00.
[2026-07-27 16:00:46 PDT] Hold List: skipped (agenda not yet confirmed).
[2026-07-27 16:00:46 PDT] Run complete.
[2026-07-27 17:06:59 PDT] Proceeding A2507016: not due yet (interval 3:00:00). Last checked 2026-07-27T16:00:39.272776-07:00.
[2026-07-27 17:06:59 PDT] Run start: target meeting 2026-08-13 (Agenda #3585), 17 days out.
[2026-07-27 17:06:59 PDT] Agenda: not due yet (17 days out, interval 1 day, 0:00:00, A2507016 windows open until 2026-08-03 — daily). Last checked 2026-07-27T04:46:04.396897-07:00.
[2026-07-27 17:06:59 PDT] Hold List: skipped (agenda not yet confirmed).
[2026-07-27 17:06:59 PDT] Run complete.
[2026-07-27 20:29:35 PDT] Proceeding A2507016: checking Proposed Decisions list.
[2026-07-27 20:29:41 PDT] Proceeding A2507016: 20 PD list entries, 0 match the proceeding.
[2026-07-27 20:29:41 PDT] Run start: target meeting 2026-08-13 (Agenda #3585), 17 days out.
[2026-07-27 20:29:41 PDT] Agenda: not due yet (17 days out, interval 1 day, 0:00:00, A2507016 windows open until 2026-08-03 — daily). Last checked 2026-07-27T04:46:04.396897-07:00.
[2026-07-27 20:29:41 PDT] Hold List: skipped (agenda not yet confirmed).
[2026-07-27 20:29:41 PDT] Run complete.
[2026-07-27 23:09:25 PDT] Proceeding A2507016: not due yet (interval 3:00:00). Last checked 2026-07-27T20:29:35.479786-07:00.
[2026-07-27 23:09:25 PDT] Run start: target meeting 2026-08-13 (Agenda #3585), 17 days out.
[2026-07-27 23:09:25 PDT] Agenda: not due yet (17 days out, interval 1 day, 0:00:00, A2507016 windows open until 2026-08-03 — daily). Last checked 2026-07-27T04:46:04.396897-07:00.
[2026-07-27 23:09:25 PDT] Hold List: skipped (agenda not yet confirmed).
[2026-07-27 23:09:25 PDT] Run complete.
[2026-07-28 01:49:06 PDT] Proceeding A2507016: checking Proposed Decisions list.
[2026-07-28 01:49:10 PDT] Proceeding A2507016: 20 PD list entries, 0 match the proceeding.
[2026-07-28 01:49:10 PDT] Run start: target meeting 2026-08-13 (Agenda #3585), 16 days out.
[2026-07-28 01:49:10 PDT] Agenda: not due yet (16 days out, interval 1 day, 0:00:00, A2507016 windows open until 2026-08-03 — daily). Last checked 2026-07-27T04:46:04.396897-07:00.
[2026-07-28 01:49:10 PDT] Hold List: skipped (agenda not yet confirmed).
[2026-07-28 01:49:10 PDT] Run complete.
[2026-07-28 04:05:11 PDT] Proceeding A2507016: not due yet (interval 3:00:00). Last checked 2026-07-28T01:49:06.839078-07:00.
[2026-07-28 04:05:11 PDT] Run start: target meeting 2026-08-13 (Agenda #3585), 16 days out.
[2026-07-28 04:05:11 PDT] Agenda: not due yet (16 days out, interval 1 day, 0:00:00, A2507016 windows open until 2026-08-03 — daily). Last checked 2026-07-27T04:46:04.396897-07:00.
[2026-07-28 04:05:11 PDT] Hold List: skipped (agenda not yet confirmed).
[2026-07-28 04:05:11 PDT] Run complete.
[2026-07-28 05:59:20 PDT] Proceeding A2507016: checking Proposed Decisions list.
[2026-07-28 05:59:26 PDT] Proceeding A2507016: 20 PD list entries, 0 match the proceeding.
[2026-07-28 05:59:26 PDT] Run start: target meeting 2026-08-13 (Agenda #3585), 16 days out.
[2026-07-28 05:59:26 PDT] Agenda: checking (16 days out, interval 1 day, 0:00:00, A2507016 windows open until 2026-08-03 — daily).
[2026-07-28 05:59:36 PDT] Agenda: latest is 'Current Meeting Agenda for July 16, 2026 (Agenda #3584 - #5)'.
[2026-07-28 05:59:36 PDT] Agenda: does not match target 2026-08-13 (Agenda #3585) yet.
[2026-07-28 05:59:36 PDT] Hold List: skipped (agenda not yet confirmed).
[2026-07-28 05:59:36 PDT] Run complete.
[2026-07-28 08:23:30 PDT] Proceeding A2507016: not due yet (interval 3:00:00). Last checked 2026-07-28T05:59:20.571354-07:00.
[2026-07-28 08:23:30 PDT] Run start: target meeting 2026-08-13 (Agenda #3585), 16 days out.
[2026-07-28 08:23:30 PDT] Agenda: not due yet (16 days out, interval 1 day, 0:00:00, A2507016 windows open until 2026-08-03 — daily). Last checked 2026-07-28T05:59:20.571354-07:00.
[2026-07-28 08:23:30 PDT] Hold List: skipped (agenda not yet confirmed).
[2026-07-28 08:23:30 PDT] Run complete.
[2026-07-28 09:55:40 PDT] Proceeding A2507016: checking Proposed Decisions list.
[2026-07-28 09:55:47 PDT] Proceeding A2507016: 20 PD list entries, 0 match the proceeding.
[2026-07-28 09:55:47 PDT] Run start: target meeting 2026-08-13 (Agenda #3585), 16 days out.
[2026-07-28 09:55:47 PDT] Agenda: not due yet (16 days out, interval 1 day, 0:00:00, A2507016 windows open until 2026-08-03 — daily). Last checked 2026-07-28T05:59:20.571354-07:00.
[2026-07-28 09:55:47 PDT] Hold List: skipped (agenda not yet confirmed).
[2026-07-28 09:55:47 PDT] Run complete.
[2026-07-28 11:08:39 PDT] Proceeding A2507016: not due yet (interval 3:00:00). Last checked 2026-07-28T09:55:40.731496-07:00.
[2026-07-28 11:08:39 PDT] Run start: target meeting 2026-08-13 (Agenda #3585), 16 days out.
[2026-07-28 11:08:39 PDT] Agenda: not due yet (16 days out, interval 1 day, 0:00:00, A2507016 windows open until 2026-08-03 — daily). Last checked 2026-07-28T05:59:20.571354-07:00.
[2026-07-28 11:08:39 PDT] Hold List: skipped (agenda not yet confirmed).
[2026-07-28 11:08:39 PDT] Run complete.
[2026-07-28 12:49:20 PDT] Proceeding A2507016: not due yet (interval 3:00:00). Last checked 2026-07-28T09:55:40.731496-07:00.
[2026-07-28 12:49:20 PDT] Run start: target meeting 2026-08-13 (Agenda #3585), 16 days out.
[2026-07-28 12:49:20 PDT] Agenda: not due yet (16 days out, interval 1 day, 0:00:00, A2507016 windows open until 2026-08-03 — daily). Last checked 2026-07-28T05:59:20.571354-07:00.
[2026-07-28 12:49:20 PDT] Hold List: skipped (agenda not yet confirmed).
[2026-07-28 12:49:20 PDT] Run complete.
[2026-07-28 13:51:29 PDT] Proceeding A2507016: checking Proposed Decisions list.
[2026-07-28 13:51:31 PDT] Proceeding A2507016: 20 PD list entries, 0 match the proceeding.
[2026-07-28 13:51:31 PDT] Run start: target meeting 2026-08-13 (Agenda #3585), 16 days out.
[2026-07-28 13:51:31 PDT] Agenda: not due yet (16 days out, interval 1 day, 0:00:00, A2507016 windows open until 2026-08-03 — daily). Last checked 2026-07-28T05:59:20.571354-07:00.
[2026-07-28 13:51:31 PDT] Hold List: skipped (agenda not yet confirmed).
[2026-07-28 13:51:31 PDT] Run complete.
[2026-07-28 14:51:02 PDT] Proceeding A2507016: not due yet (interval 3:00:00). Last checked 2026-07-28T13:51:29.329228-07:00.
[2026-07-28 14:51:02 PDT] Run start: target meeting 2026-08-13 (Agenda #3585), 16 days out.
[2026-07-28 14:51:02 PDT] Agenda: not due yet (16 days out, interval 1 day, 0:00:00, A2507016 windows open until 2026-08-03 — daily). Last checked 2026-07-28T05:59:20.571354-07:00.
[2026-07-28 14:51:02 PDT] Hold List: skipped (agenda not yet confirmed).
[2026-07-28 14:51:02 PDT] Run complete.
[2026-07-28 15:45:10 PDT] Proceeding A2507016: not due yet (interval 3:00:00). Last checked 2026-07-28T13:51:29.329228-07:00.
[2026-07-28 15:45:10 PDT] Run start: target meeting 2026-08-13 (Agenda #3585), 16 days out.
[2026-07-28 15:45:10 PDT] Agenda: not due yet (16 days out, interval 1 day, 0:00:00, A2507016 windows open until 2026-08-03 — daily). Last checked 2026-07-28T05:59:20.571354-07:00.
[2026-07-28 15:45:10 PDT] Hold List: skipped (agenda not yet confirmed).
[2026-07-28 15:45:10 PDT] Run complete.
[2026-07-28 16:42:46 PDT] Proceeding A2507016: not due yet (interval 3:00:00). Last checked 2026-07-28T13:51:29.329228-07:00.
[2026-07-28 16:42:46 PDT] Run start: target meeting 2026-08-13 (Agenda #3585), 16 days out.
[2026-07-28 16:42:46 PDT] Agenda: not due yet (16 days out, interval 1 day, 0:00:00, A2507016 windows open until 2026-08-03 — daily). Last checked 2026-07-28T05:59:20.571354-07:00.
[2026-07-28 16:42:46 PDT] Hold List: skipped (agenda not yet confirmed).
[2026-07-28 16:42:46 PDT] Run complete.
[2026-07-28 18:09:16 PDT] Proceeding A2507016: checking Proposed Decisions list.
[2026-07-28 18:09:22 PDT] Proceeding A2507016: 20 PD list entries, 0 match the proceeding.
[2026-07-28 18:09:22 PDT] Run start: target meeting 2026-08-13 (Agenda #3585), 16 days out.
[2026-07-28 18:09:22 PDT] Agenda: not due yet (16 days out, interval 1 day, 0:00:00, A2507016 windows open until 2026-08-03 — daily). Last checked 2026-07-28T05:59:20.571354-07:00.
[2026-07-28 18:09:22 PDT] Hold List: skipped (agenda not yet confirmed).
[2026-07-28 18:09:22 PDT] Run complete.
[2026-07-28 21:27:35 PDT] Proceeding A2507016: checking Proposed Decisions list.
[2026-07-28 21:27:41 PDT] Proceeding A2507016: 20 PD list entries, 0 match the proceeding.
[2026-07-28 21:27:41 PDT] Run start: target meeting 2026-08-13 (Agenda #3585), 16 days out.
[2026-07-28 21:27:41 PDT] Agenda: not due yet (16 days out, interval 1 day, 0:00:00, A2507016 windows open until 2026-08-03 — daily). Last checked 2026-07-28T05:59:20.571354-07:00.
[2026-07-28 21:27:41 PDT] Hold List: skipped (agenda not yet confirmed).
[2026-07-28 21:27:41 PDT] Run complete.
[2026-07-29 00:18:19 PDT] Proceeding A2507016: not due yet (interval 3:00:00). Last checked 2026-07-28T21:27:35.564123-07:00.
[2026-07-29 00:18:19 PDT] Run start: target meeting 2026-08-13 (Agenda #3585), 15 days out.
[2026-07-29 00:18:19 PDT] Agenda: not due yet (15 days out, interval 1 day, 0:00:00, A2507016 windows open until 2026-08-03 — daily). Last checked 2026-07-28T05:59:20.571354-07:00.
[2026-07-29 00:18:19 PDT] Hold List: skipped (agenda not yet confirmed).
[2026-07-29 00:18:19 PDT] Run complete.
[2026-07-29 02:59:51 PDT] Proceeding A2507016: checking Proposed Decisions list.
[2026-07-29 02:59:57 PDT] Proceeding A2507016: 20 PD list entries, 0 match the proceeding.
[2026-07-29 02:59:57 PDT] Run start: target meeting 2026-08-13 (Agenda #3585), 15 days out.
[2026-07-29 02:59:57 PDT] Agenda: not due yet (15 days out, interval 1 day, 0:00:00, A2507016 windows open until 2026-08-03 — daily). Last checked 2026-07-28T05:59:20.571354-07:00.
[2026-07-29 02:59:57 PDT] Hold List: skipped (agenda not yet confirmed).
[2026-07-29 02:59:57 PDT] Run complete.
[2026-07-29 05:04:52 PDT] Proceeding A2507016: not due yet (interval 3:00:00). Last checked 2026-07-29T02:59:51.554848-07:00.
[2026-07-29 05:04:52 PDT] Run start: target meeting 2026-08-13 (Agenda #3585), 15 days out.
[2026-07-29 05:04:52 PDT] Agenda: not due yet (15 days out, interval 1 day, 0:00:00, A2507016 windows open until 2026-08-03 — daily). Last checked 2026-07-28T05:59:20.571354-07:00.
[2026-07-29 05:04:52 PDT] Hold List: skipped (agenda not yet confirmed).
[2026-07-29 05:04:52 PDT] Run complete.
[2026-07-29 07:27:51 PDT] Proceeding A2507016: checking Proposed Decisions list.
[2026-07-29 07:27:57 PDT] Proceeding A2507016: 20 PD list entries, 0 match the proceeding.
[2026-07-29 07:27:57 PDT] Run start: target meeting 2026-08-13 (Agenda #3585), 15 days out.
[2026-07-29 07:27:57 PDT] Agenda: checking (15 days out, interval 1 day, 0:00:00, A2507016 windows open until 2026-08-03 — daily).
[2026-07-29 07:28:09 PDT] Agenda: latest is 'Current Meeting Agenda for July 16, 2026 (Agenda #3584 - #5)'.
[2026-07-29 07:28:09 PDT] Agenda: does not match target 2026-08-13 (Agenda #3585) yet.
[2026-07-29 07:28:09 PDT] Hold List: skipped (agenda not yet confirmed).
[2026-07-29 07:28:09 PDT] Run complete.
[2026-07-29 09:00:51 PDT] Proceeding A2507016: not due yet (interval 3:00:00). Last checked 2026-07-29T07:27:51.689043-07:00.
[2026-07-29 09:00:51 PDT] Run start: target meeting 2026-08-13 (Agenda #3585), 15 days out.
[2026-07-29 09:00:51 PDT] Agenda: not due yet (15 days out, interval 1 day, 0:00:00, A2507016 windows open until 2026-08-03 — daily). Last checked 2026-07-29T07:27:51.689043-07:00.
[2026-07-29 09:00:51 PDT] Hold List: skipped (agenda not yet confirmed).
[2026-07-29 09:00:51 PDT] Run complete.
[2026-07-29 10:22:24 PDT] Proceeding A2507016: not due yet (interval 3:00:00). Last checked 2026-07-29T07:27:51.689043-07:00.
[2026-07-29 10:22:24 PDT] Run start: target meeting 2026-08-13 (Agenda #3585), 15 days out.
[2026-07-29 10:22:24 PDT] Agenda: not due yet (15 days out, interval 1 day, 0:00:00, A2507016 windows open until 2026-08-03 — daily). Last checked 2026-07-29T07:27:51.689043-07:00.
[2026-07-29 10:22:24 PDT] Hold List: skipped (agenda not yet confirmed).
[2026-07-29 10:22:24 PDT] Run complete.
[2026-07-29 11:29:15 PDT] Proceeding A2507016: checking Proposed Decisions list.
[2026-07-29 11:29:20 PDT] Proceeding A2507016: 20 PD list entries, 0 match the proceeding.
[2026-07-29 11:29:20 PDT] Run start: target meeting 2026-08-13 (Agenda #3585), 15 days out.
[2026-07-29 11:29:20 PDT] Agenda: not due yet (15 days out, interval 1 day, 0:00:00, A2507016 windows open until 2026-08-03 — daily). Last checked 2026-07-29T07:27:51.689043-07:00.
[2026-07-29 11:29:20 PDT] Hold List: skipped (agenda not yet confirmed).
[2026-07-29 11:29:20 PDT] Run complete.
[2026-07-29 12:52:48 PDT] Proceeding A2507016: not due yet (interval 3:00:00). Last checked 2026-07-29T11:29:15.113906-07:00.
[2026-07-29 12:52:48 PDT] Run start: target meeting 2026-08-13 (Agenda #3585), 15 days out.
[2026-07-29 12:52:48 PDT] Agenda: not due yet (15 days out, interval 1 day, 0:00:00, A2507016 windows open until 2026-08-03 — daily). Last checked 2026-07-29T07:27:51.689043-07:00.
[2026-07-29 12:52:48 PDT] Hold List: skipped (agenda not yet confirmed).
[2026-07-29 12:52:48 PDT] Run complete.
[2026-07-29 13:40:12 PDT] Proceeding A2507016: not due yet (interval 3:00:00). Last checked 2026-07-29T11:29:15.113906-07:00.
[2026-07-29 13:40:12 PDT] Run start: target meeting 2026-08-13 (Agenda #3585), 15 days out.
[2026-07-29 13:40:12 PDT] Agenda: not due yet (15 days out, interval 1 day, 0:00:00, A2507016 windows open until 2026-08-03 — daily). Last checked 2026-07-29T07:27:51.689043-07:00.
[2026-07-29 13:40:12 PDT] Hold List: skipped (agenda not yet confirmed).
[2026-07-29 13:40:12 PDT] Run complete.
[2026-07-29 14:34:48 PDT] Proceeding A2507016: checking Proposed Decisions list.
[2026-07-29 14:34:55 PDT] Proceeding A2507016: 20 PD list entries, 0 match the proceeding.
[2026-07-29 14:34:55 PDT] Run start: target meeting 2026-08-13 (Agenda #3585), 15 days out.
[2026-07-29 14:34:55 PDT] Agenda: not due yet (15 days out, interval 1 day, 0:00:00, A2507016 windows open until 2026-08-03 — daily). Last checked 2026-07-29T07:27:51.689043-07:00.
[2026-07-29 14:34:55 PDT] Hold List: skipped (agenda not yet confirmed).
[2026-07-29 14:34:55 PDT] Run complete.
[2026-07-29 15:33:43 PDT] Proceeding A2507016: not due yet (interval 3:00:00). Last checked 2026-07-29T14:34:48.880153-07:00.
[2026-07-29 15:33:43 PDT] Run start: target meeting 2026-08-13 (Agenda #3585), 15 days out.
[2026-07-29 15:33:43 PDT] Agenda: not due yet (15 days out, interval 1 day, 0:00:00, A2507016 windows open until 2026-08-03 — daily). Last checked 2026-07-29T07:27:51.689043-07:00.
[2026-07-29 15:33:43 PDT] Hold List: skipped (agenda not yet confirmed).
[2026-07-29 15:33:43 PDT] Run complete.
[2026-07-29 16:35:16 PDT] Proceeding A2507016: not due yet (interval 3:00:00). Last checked 2026-07-29T14:34:48.880153-07:00.
[2026-07-29 16:35:16 PDT] Run start: target meeting 2026-08-13 (Agenda #3585), 15 days out.
[2026-07-29 16:35:16 PDT] Agenda: not due yet (15 days out, interval 1 day, 0:00:00, A2507016 windows open until 2026-08-03 — daily). Last checked 2026-07-29T07:27:51.689043-07:00.
[2026-07-29 16:35:16 PDT] Hold List: skipped (agenda not yet confirmed).
[2026-07-29 16:35:16 PDT] Run complete.
[2026-07-29 17:58:18 PDT] Proceeding A2507016: checking Proposed Decisions list.
[2026-07-29 17:58:24 PDT] Proceeding A2507016: 20 PD list entries, 0 match the proceeding.
[2026-07-29 17:58:24 PDT] Run start: target meeting 2026-08-13 (Agenda #3585), 15 days out.
[2026-07-29 17:58:24 PDT] Agenda: not due yet (15 days out, interval 1 day, 0:00:00, A2507016 windows open until 2026-08-03 — daily). Last checked 2026-07-29T07:27:51.689043-07:00.
[2026-07-29 17:58:24 PDT] Hold List: skipped (agenda not yet confirmed).
[2026-07-29 17:58:24 PDT] Run complete.
[2026-07-29 20:57:21 PDT] Proceeding A2507016: not due yet (interval 3:00:00). Last checked 2026-07-29T17:58:18.821298-07:00.
[2026-07-29 20:57:21 PDT] Run start: target meeting 2026-08-13 (Agenda #3585), 15 days out.
[2026-07-29 20:57:21 PDT] Agenda: not due yet (15 days out, interval 1 day, 0:00:00, A2507016 windows open until 2026-08-03 — daily). Last checked 2026-07-29T07:27:51.689043-07:00.
[2026-07-29 20:57:21 PDT] Hold List: skipped (agenda not yet confirmed).
[2026-07-29 20:57:21 PDT] Run complete.
[2026-07-29 23:26:14 PDT] Proceeding A2507016: checking Proposed Decisions list.
[2026-07-29 23:26:20 PDT] Proceeding A2507016: 20 PD list entries, 0 match the proceeding.
[2026-07-29 23:26:20 PDT] Run start: target meeting 2026-08-13 (Agenda #3585), 15 days out.
[2026-07-29 23:26:20 PDT] Agenda: not due yet (15 days out, interval 1 day, 0:00:00, A2507016 windows open until 2026-08-03 — daily). Last checked 2026-07-29T07:27:51.689043-07:00.
[2026-07-29 23:26:20 PDT] Hold List: skipped (agenda not yet confirmed).
[2026-07-29 23:26:20 PDT] Run complete.
[2026-07-30 02:11:33 PDT] Proceeding A2507016: not due yet (interval 3:00:00). Last checked 2026-07-29T23:26:14.527373-07:00.
[2026-07-30 02:11:33 PDT] Run start: target meeting 2026-08-13 (Agenda #3585), 14 days out.
[2026-07-30 02:11:33 PDT] Agenda: not due yet (14 days out, interval 1 day, 0:00:00, A2507016 windows open until 2026-08-03 — daily). Last checked 2026-07-29T07:27:51.689043-07:00.
[2026-07-30 02:11:33 PDT] Hold List: skipped (agenda not yet confirmed).
[2026-07-30 02:11:33 PDT] Run complete.
[2026-07-30 04:20:19 PDT] Proceeding A2507016: checking Proposed Decisions list.
[2026-07-30 04:20:22 PDT] Proceeding A2507016: 20 PD list entries, 0 match the proceeding.
[2026-07-30 04:20:22 PDT] Run start: target meeting 2026-08-13 (Agenda #3585), 14 days out.
[2026-07-30 04:20:22 PDT] Agenda: not due yet (14 days out, interval 1 day, 0:00:00, A2507016 windows open until 2026-08-03 — daily). Last checked 2026-07-29T07:27:51.689043-07:00.
[2026-07-30 04:20:22 PDT] Hold List: skipped (agenda not yet confirmed).
[2026-07-30 04:20:22 PDT] Run complete.
[2026-07-30 05:56:23 PDT] Proceeding A2507016: not due yet (interval 3:00:00). Last checked 2026-07-30T04:20:19.868488-07:00.
[2026-07-30 05:56:23 PDT] Run start: target meeting 2026-08-13 (Agenda #3585), 14 days out.
[2026-07-30 05:56:23 PDT] Agenda: not due yet (14 days out, interval 1 day, 0:00:00, A2507016 windows open until 2026-08-03 — daily). Last checked 2026-07-29T07:27:51.689043-07:00.
[2026-07-30 05:56:23 PDT] Hold List: skipped (agenda not yet confirmed).
[2026-07-30 05:56:23 PDT] Run complete.
[2026-07-30 08:07:37 PDT] Proceeding A2507016: checking Proposed Decisions list.
[2026-07-30 08:07:38 PDT] Proceeding A2507016: 20 PD list entries, 0 match the proceeding.
[2026-07-30 08:07:38 PDT] Run start: target meeting 2026-08-13 (Agenda #3585), 14 days out.
[2026-07-30 08:07:38 PDT] Agenda: checking (14 days out, interval 1 day, 0:00:00, A2507016 windows open until 2026-08-03 — daily).
[2026-07-30 08:07:50 PDT] Agenda: latest is 'Current Meeting Agenda for July 16, 2026 (Agenda #3584 - #5)'.
[2026-07-30 08:07:50 PDT] Agenda: does not match target 2026-08-13 (Agenda #3585) yet.
[2026-07-30 08:07:50 PDT] Hold List: skipped (agenda not yet confirmed).
[2026-07-30 08:07:50 PDT] Run complete.
[2026-07-30 09:44:26 PDT] Proceeding A2507016: not due yet (interval 3:00:00). Last checked 2026-07-30T08:07:37.072102-07:00.
[2026-07-30 09:44:26 PDT] Run start: target meeting 2026-08-13 (Agenda #3585), 14 days out.
[2026-07-30 09:44:26 PDT] Agenda: not due yet (14 days out, interval 1 day, 0:00:00, A2507016 windows open until 2026-08-03 — daily). Last checked 2026-07-30T08:07:37.072102-07:00.
[2026-07-30 09:44:26 PDT] Hold List: skipped (agenda not yet confirmed).
[2026-07-30 09:44:26 PDT] Run complete.
[2026-07-30 11:03:51 PDT] Proceeding A2507016: not due yet (interval 3:00:00). Last checked 2026-07-30T08:07:37.072102-07:00.
[2026-07-30 11:03:51 PDT] Run start: target meeting 2026-08-13 (Agenda #3585), 14 days out.
[2026-07-30 11:03:51 PDT] Agenda: not due yet (14 days out, interval 1 day, 0:00:00, A2507016 windows open until 2026-08-03 — daily). Last checked 2026-07-30T08:07:37.072102-07:00.
[2026-07-30 11:03:51 PDT] Hold List: skipped (agenda not yet confirmed).
[2026-07-30 11:03:51 PDT] Run complete.
[2026-07-30 12:45:16 PDT] Proceeding A2507016: checking Proposed Decisions list.
[2026-07-30 12:45:22 PDT] Proceeding A2507016: 20 PD list entries, 0 match the proceeding.
[2026-07-30 12:45:22 PDT] Run start: target meeting 2026-08-13 (Agenda #3585), 14 days out.
[2026-07-30 12:45:22 PDT] Agenda: not due yet (14 days out, interval 1 day, 0:00:00, A2507016 windows open until 2026-08-03 — daily). Last checked 2026-07-30T08:07:37.072102-07:00.
[2026-07-30 12:45:22 PDT] Hold List: skipped (agenda not yet confirmed).
[2026-07-30 12:45:22 PDT] Run complete.
[2026-07-30 13:47:50 PDT] Proceeding A2507016: not due yet (interval 3:00:00). Last checked 2026-07-30T12:45:16.040509-07:00.
[2026-07-30 13:47:50 PDT] Run start: target meeting 2026-08-13 (Agenda #3585), 14 days out.
[2026-07-30 13:47:50 PDT] Agenda: not due yet (14 days out, interval 1 day, 0:00:00, A2507016 windows open until 2026-08-03 — daily). Last checked 2026-07-30T08:07:37.072102-07:00.
[2026-07-30 13:47:50 PDT] Hold List: skipped (agenda not yet confirmed).
[2026-07-30 13:47:50 PDT] Run complete.
[2026-07-30 14:51:12 PDT] Proceeding A2507016: not due yet (interval 3:00:00). Last checked 2026-07-30T12:45:16.040509-07:00.
[2026-07-30 14:51:12 PDT] Run start: target meeting 2026-08-13 (Agenda #3585), 14 days out.
[2026-07-30 14:51:12 PDT] Agenda: not due yet (14 days out, interval 1 day, 0:00:00, A2507016 windows open until 2026-08-03 — daily). Last checked 2026-07-30T08:07:37.072102-07:00.
[2026-07-30 14:51:12 PDT] Hold List: skipped (agenda not yet confirmed).
[2026-07-30 14:51:12 PDT] Run complete.
[2026-07-30 15:51:36 PDT] Proceeding A2507016: checking Proposed Decisions list.
[2026-07-30 15:51:38 PDT] Proceeding A2507016: 20 PD list entries, 0 match the proceeding.
[2026-07-30 15:51:38 PDT] Run start: target meeting 2026-08-13 (Agenda #3585), 14 days out.
[2026-07-30 15:51:38 PDT] Agenda: not due yet (14 days out, interval 1 day, 0:00:00, A2507016 windows open until 2026-08-03 — daily). Last checked 2026-07-30T08:07:37.072102-07:00.
[2026-07-30 15:51:38 PDT] Hold List: skipped (agenda not yet confirmed).
[2026-07-30 15:51:38 PDT] Run complete.
[2026-07-30 16:46:26 PDT] Proceeding A2507016: not due yet (interval 3:00:00). Last checked 2026-07-30T15:51:36.317684-07:00.
[2026-07-30 16:46:26 PDT] Run start: target meeting 2026-08-13 (Agenda #3585), 14 days out.
[2026-07-30 16:46:26 PDT] Agenda: not due yet (14 days out, interval 1 day, 0:00:00, A2507016 windows open until 2026-08-03 — daily). Last checked 2026-07-30T08:07:37.072102-07:00.
[2026-07-30 16:46:26 PDT] Hold List: skipped (agenda not yet confirmed).
[2026-07-30 16:46:26 PDT] Run complete.
[2026-07-30 18:16:14 PDT] Proceeding A2507016: not due yet (interval 3:00:00). Last checked 2026-07-30T15:51:36.317684-07:00.
[2026-07-30 18:16:14 PDT] Run start: target meeting 2026-08-13 (Agenda #3585), 14 days out.
[2026-07-30 18:16:14 PDT] Agenda: not due yet (14 days out, interval 1 day, 0:00:00, A2507016 windows open until 2026-08-03 — daily). Last checked 2026-07-30T08:07:37.072102-07:00.
[2026-07-30 18:16:14 PDT] Hold List: skipped (agenda not yet confirmed).
[2026-07-30 18:16:14 PDT] Run complete.
[2026-07-30 21:44:53 PDT] Proceeding A2507016: checking Proposed Decisions list.
[2026-07-30 21:44:54 PDT] Proceeding A2507016: 20 PD list entries, 0 match the proceeding.
[2026-07-30 21:44:54 PDT] Run start: target meeting 2026-08-13 (Agenda #3585), 14 days out.
[2026-07-30 21:44:54 PDT] Agenda: not due yet (14 days out, interval 1 day, 0:00:00, A2507016 windows open until 2026-08-03 — daily). Last checked 2026-07-30T08:07:37.072102-07:00.
[2026-07-30 21:44:54 PDT] Hold List: skipped (agenda not yet confirmed).
[2026-07-30 21:44:54 PDT] Run complete.
[2026-07-31 00:36:07 PDT] Proceeding A2507016: not due yet (interval 3:00:00). Last checked 2026-07-30T21:44:53.021770-07:00.
[2026-07-31 00:36:07 PDT] Run start: target meeting 2026-08-13 (Agenda #3585), 13 days out.
[2026-07-31 00:36:07 PDT] Agenda: not due yet (13 days out, interval 1 day, 0:00:00, A2507016 windows open until 2026-08-03 — daily). Last checked 2026-07-30T08:07:37.072102-07:00.
[2026-07-31 00:36:07 PDT] Hold List: skipped (agenda not yet confirmed).
[2026-07-31 00:36:07 PDT] Run complete.
[2026-07-31 03:11:04 PDT] Proceeding A2507016: checking Proposed Decisions list.
[2026-07-31 03:11:06 PDT] Proceeding A2507016: 20 PD list entries, 0 match the proceeding.
[2026-07-31 03:11:06 PDT] Run start: target meeting 2026-08-13 (Agenda #3585), 13 days out.
[2026-07-31 03:11:06 PDT] Agenda: not due yet (13 days out, interval 1 day, 0:00:00, A2507016 windows open until 2026-08-03 — daily). Last checked 2026-07-30T08:07:37.072102-07:00.
[2026-07-31 03:11:06 PDT] Hold List: skipped (agenda not yet confirmed).
[2026-07-31 03:11:06 PDT] Run complete.
[2026-07-31 05:14:54 PDT] Proceeding A2507016: not due yet (interval 3:00:00). Last checked 2026-07-31T03:11:04.176644-07:00.
[2026-07-31 05:14:54 PDT] Run start: target meeting 2026-08-13 (Agenda #3585), 13 days out.
[2026-07-31 05:14:54 PDT] Agenda: not due yet (13 days out, interval 1 day, 0:00:00, A2507016 windows open until 2026-08-03 — daily). Last checked 2026-07-30T08:07:37.072102-07:00.
[2026-07-31 05:14:54 PDT] Hold List: skipped (agenda not yet confirmed).
[2026-07-31 05:14:54 PDT] Run complete.
[2026-07-31 07:37:20 PDT] Proceeding A2507016: checking Proposed Decisions list.
[2026-07-31 07:37:25 PDT] Proceeding A2507016: 20 PD list entries, 0 match the proceeding.
[2026-07-31 07:37:25 PDT] Run start: target meeting 2026-08-13 (Agenda #3585), 13 days out.
[2026-07-31 07:37:25 PDT] Agenda: not due yet (13 days out, interval 1 day, 0:00:00, A2507016 windows open until 2026-08-03 — daily). Last checked 2026-07-30T08:07:37.072102-07:00.
[2026-07-31 07:37:25 PDT] Hold List: skipped (agenda not yet confirmed).
[2026-07-31 07:37:25 PDT] Run complete.
[2026-07-31 09:19:47 PDT] Proceeding A2507016: not due yet (interval 3:00:00). Last checked 2026-07-31T07:37:20.478995-07:00.
[2026-07-31 09:19:47 PDT] Run start: target meeting 2026-08-13 (Agenda #3585), 13 days out.
[2026-07-31 09:19:47 PDT] Agenda: checking (13 days out, interval 1 day, 0:00:00, A2507016 windows open until 2026-08-03 — daily).
[2026-07-31 09:20:03 PDT] Agenda: latest is 'Current Meeting Agenda for July 16, 2026 (Agenda #3584 - #5)'.
[2026-07-31 09:20:03 PDT] Agenda: does not match target 2026-08-13 (Agenda #3585) yet.
[2026-07-31 09:20:03 PDT] Hold List: skipped (agenda not yet confirmed).
[2026-07-31 09:20:03 PDT] Run complete.
[2026-07-31 10:57:19 PDT] Proceeding A2507016: checking Proposed Decisions list.
[2026-07-31 10:57:25 PDT] Proceeding A2507016: 20 PD list entries, 0 match the proceeding.
[2026-07-31 10:57:25 PDT] Run start: target meeting 2026-08-13 (Agenda #3585), 13 days out.
[2026-07-31 10:57:25 PDT] Agenda: not due yet (13 days out, interval 1 day, 0:00:00, A2507016 windows open until 2026-08-03 — daily). Last checked 2026-07-31T09:19:47.902173-07:00.
[2026-07-31 10:57:25 PDT] Hold List: skipped (agenda not yet confirmed).
[2026-07-31 10:57:25 PDT] Run complete.
[2026-07-31 12:21:20 PDT] Proceeding A2507016: not due yet (interval 3:00:00). Last checked 2026-07-31T10:57:19.249947-07:00.
[2026-07-31 12:21:20 PDT] Run start: target meeting 2026-08-13 (Agenda #3585), 13 days out.
[2026-07-31 12:21:20 PDT] Agenda: not due yet (13 days out, interval 1 day, 0:00:00, A2507016 windows open until 2026-08-03 — daily). Last checked 2026-07-31T09:19:47.902173-07:00.
[2026-07-31 12:21:20 PDT] Hold List: skipped (agenda not yet confirmed).
[2026-07-31 12:21:20 PDT] Run complete.
[2026-07-31 13:38:15 PDT] Proceeding A2507016: not due yet (interval 3:00:00). Last checked 2026-07-31T10:57:19.249947-07:00.
[2026-07-31 13:38:15 PDT] Run start: target meeting 2026-08-13 (Agenda #3585), 13 days out.
[2026-07-31 13:38:15 PDT] Agenda: not due yet (13 days out, interval 1 day, 0:00:00, A2507016 windows open until 2026-08-03 — daily). Last checked 2026-07-31T09:19:47.902173-07:00.
[2026-07-31 13:38:15 PDT] Hold List: skipped (agenda not yet confirmed).
[2026-07-31 13:38:15 PDT] Run complete.
[2026-07-31 14:43:46 PDT] Proceeding A2507016: checking Proposed Decisions list.
[2026-07-31 14:43:48 PDT] Proceeding A2507016: 20 PD list entries, 0 match the proceeding.
[2026-07-31 14:43:48 PDT] Run start: target meeting 2026-08-13 (Agenda #3585), 13 days out.
[2026-07-31 14:43:48 PDT] Agenda: not due yet (13 days out, interval 1 day, 0:00:00, A2507016 windows open until 2026-08-03 — daily). Last checked 2026-07-31T09:19:47.902173-07:00.
[2026-07-31 14:43:48 PDT] Hold List: skipped (agenda not yet confirmed).
[2026-07-31 14:43:48 PDT] Run complete.
[2026-07-31 15:42:49 PDT] Proceeding A2507016: not due yet (interval 3:00:00). Last checked 2026-07-31T14:43:46.633952-07:00.
[2026-07-31 15:42:49 PDT] Run start: target meeting 2026-08-13 (Agenda #3585), 13 days out.
[2026-07-31 15:42:49 PDT] Agenda: not due yet (13 days out, interval 1 day, 0:00:00, A2507016 windows open until 2026-08-03 — daily). Last checked 2026-07-31T09:19:47.902173-07:00.
[2026-07-31 15:42:49 PDT] Hold List: skipped (agenda not yet confirmed).
[2026-07-31 15:42:49 PDT] Run complete.
[2026-07-31 16:42:11 PDT] Proceeding A2507016: not due yet (interval 3:00:00). Last checked 2026-07-31T14:43:46.633952-07:00.
[2026-07-31 16:42:11 PDT] Run start: target meeting 2026-08-13 (Agenda #3585), 13 days out.
[2026-07-31 16:42:11 PDT] Agenda: not due yet (13 days out, interval 1 day, 0:00:00, A2507016 windows open until 2026-08-03 — daily). Last checked 2026-07-31T09:19:47.902173-07:00.
[2026-07-31 16:42:11 PDT] Hold List: skipped (agenda not yet confirmed).
[2026-07-31 16:42:11 PDT] Run complete.
[2026-07-31 18:17:05 PDT] Proceeding A2507016: checking Proposed Decisions list.
[2026-07-31 18:17:08 PDT] Proceeding A2507016: 20 PD list entries, 0 match the proceeding.
[2026-07-31 18:17:08 PDT] Run start: target meeting 2026-08-13 (Agenda #3585), 13 days out.
[2026-07-31 18:17:08 PDT] Agenda: not due yet (13 days out, interval 1 day, 0:00:00, A2507016 windows open until 2026-08-03 — daily). Last checked 2026-07-31T09:19:47.902173-07:00.
[2026-07-31 18:17:08 PDT] Hold List: skipped (agenda not yet confirmed).
[2026-07-31 18:17:08 PDT] Run complete.
[2026-07-31 21:35:34 PDT] Proceeding A2507016: checking Proposed Decisions list.
[2026-07-31 21:35:36 PDT] Proceeding A2507016: 20 PD list entries, 0 match the proceeding.
[2026-07-31 21:35:36 PDT] Run start: target meeting 2026-08-13 (Agenda #3585), 13 days out.
[2026-07-31 21:35:36 PDT] Agenda: not due yet (13 days out, interval 1 day, 0:00:00, A2507016 windows open until 2026-08-03 — daily). Last checked 2026-07-31T09:19:47.902173-07:00.
[2026-07-31 21:35:36 PDT] Hold List: skipped (agenda not yet confirmed).
[2026-07-31 21:35:36 PDT] Run complete.
[2026-08-01 00:08:29 PDT] Proceeding A2507016: not due yet (interval 3:00:00). Last checked 2026-07-31T21:35:34.039827-07:00.
[2026-08-01 00:08:29 PDT] Run start: target meeting 2026-08-13 (Agenda #3585), 12 days out.
[2026-08-01 00:08:29 PDT] Agenda: not due yet (12 days out, interval 1 day, 0:00:00, A2507016 windows open until 2026-08-03 — daily). Last checked 2026-07-31T09:19:47.902173-07:00.
[2026-08-01 00:08:29 PDT] Hold List: skipped (agenda not yet confirmed).
[2026-08-01 00:08:29 PDT] Run complete.
[2026-08-01 02:17:26 PDT] Proceeding A2507016: checking Proposed Decisions list.
[2026-08-01 02:17:31 PDT] Proceeding A2507016: 20 PD list entries, 0 match the proceeding.
[2026-08-01 02:17:31 PDT] Run start: target meeting 2026-08-13 (Agenda #3585), 12 days out.
[2026-08-01 02:17:31 PDT] Agenda: not due yet (12 days out, interval 1 day, 0:00:00, A2507016 windows open until 2026-08-03 — daily). Last checked 2026-07-31T09:19:47.902173-07:00.
[2026-08-01 02:17:31 PDT] Hold List: skipped (agenda not yet confirmed).
[2026-08-01 02:17:31 PDT] Run complete.
[2026-08-01 03:51:35 PDT] Proceeding A2507016: not due yet (interval 3:00:00). Last checked 2026-08-01T02:17:26.103383-07:00.
[2026-08-01 03:51:35 PDT] Run start: target meeting 2026-08-13 (Agenda #3585), 12 days out.
[2026-08-01 03:51:35 PDT] Agenda: not due yet (12 days out, interval 1 day, 0:00:00, A2507016 windows open until 2026-08-03 — daily). Last checked 2026-07-31T09:19:47.902173-07:00.
[2026-08-01 03:51:35 PDT] Hold List: skipped (agenda not yet confirmed).
[2026-08-01 03:51:35 PDT] Run complete.
[2026-08-01 04:51:42 PDT] Proceeding A2507016: not due yet (interval 3:00:00). Last checked 2026-08-01T02:17:26.103383-07:00.
[2026-08-01 04:51:42 PDT] Run start: target meeting 2026-08-13 (Agenda #3585), 12 days out.
[2026-08-01 04:51:42 PDT] Agenda: not due yet (12 days out, interval 1 day, 0:00:00, A2507016 windows open until 2026-08-03 — daily). Last checked 2026-07-31T09:19:47.902173-07:00.
[2026-08-01 04:51:42 PDT] Hold List: skipped (agenda not yet confirmed).
[2026-08-01 04:51:42 PDT] Run complete.
[2026-08-01 05:43:52 PDT] Proceeding A2507016: checking Proposed Decisions list.
[2026-08-01 05:43:58 PDT] Proceeding A2507016: 20 PD list entries, 0 match the proceeding.
[2026-08-01 05:43:58 PDT] Run start: target meeting 2026-08-13 (Agenda #3585), 12 days out.
[2026-08-01 05:43:58 PDT] Agenda: not due yet (12 days out, interval 1 day, 0:00:00, A2507016 windows open until 2026-08-03 — daily). Last checked 2026-07-31T09:19:47.902173-07:00.
[2026-08-01 05:43:58 PDT] Hold List: skipped (agenda not yet confirmed).
[2026-08-01 05:43:58 PDT] Run complete.
[2026-08-01 07:14:30 PDT] Proceeding A2507016: not due yet (interval 3:00:00). Last checked 2026-08-01T05:43:52.919683-07:00.
[2026-08-01 07:14:30 PDT] Run start: target meeting 2026-08-13 (Agenda #3585), 12 days out.
[2026-08-01 07:14:30 PDT] Agenda: not due yet (12 days out, interval 1 day, 0:00:00, A2507016 windows open until 2026-08-03 — daily). Last checked 2026-07-31T09:19:47.902173-07:00.
[2026-08-01 07:14:30 PDT] Hold List: skipped (agenda not yet confirmed).
[2026-08-01 07:14:30 PDT] Run complete.
[2026-08-01 08:27:36 PDT] Proceeding A2507016: not due yet (interval 3:00:00). Last checked 2026-08-01T05:43:52.919683-07:00.
[2026-08-01 08:27:36 PDT] Run start: target meeting 2026-08-13 (Agenda #3585), 12 days out.
[2026-08-01 08:27:36 PDT] Agenda: not due yet (12 days out, interval 1 day, 0:00:00, A2507016 windows open until 2026-08-03 — daily). Last checked 2026-07-31T09:19:47.902173-07:00.
[2026-08-01 08:27:36 PDT] Hold List: skipped (agenda not yet confirmed).
[2026-08-01 08:27:36 PDT] Run complete.
[2026-08-01 09:28:30 PDT] Proceeding A2507016: checking Proposed Decisions list.
[2026-08-01 09:28:36 PDT] Proceeding A2507016: 20 PD list entries, 0 match the proceeding.
[2026-08-01 09:28:36 PDT] Run start: target meeting 2026-08-13 (Agenda #3585), 12 days out.
[2026-08-01 09:28:36 PDT] Agenda: checking (12 days out, interval 1 day, 0:00:00, A2507016 windows open until 2026-08-03 — daily).
[2026-08-01 09:28:48 PDT] Agenda: latest is 'Current Meeting Agenda for July 16, 2026 (Agenda #3584 - #5)'.
[2026-08-01 09:28:48 PDT] Agenda: does not match target 2026-08-13 (Agenda #3585) yet.
[2026-08-01 09:28:48 PDT] Hold List: skipped (agenda not yet confirmed).
[2026-08-01 09:28:48 PDT] Run complete.
[2026-08-01 10:31:46 PDT] Proceeding A2507016: not due yet (interval 3:00:00). Last checked 2026-08-01T09:28:30.408651-07:00.
[2026-08-01 10:31:46 PDT] Run start: target meeting 2026-08-13 (Agenda #3585), 12 days out.
[2026-08-01 10:31:46 PDT] Agenda: not due yet (12 days out, interval 1 day, 0:00:00, A2507016 windows open until 2026-08-03 — daily). Last checked 2026-08-01T09:28:30.408651-07:00.
[2026-08-01 10:31:46 PDT] Hold List: skipped (agenda not yet confirmed).
[2026-08-01 10:31:46 PDT] Run complete.
[2026-08-01 11:31:44 PDT] Proceeding A2507016: not due yet (interval 3:00:00). Last checked 2026-08-01T09:28:30.408651-07:00.
[2026-08-01 11:31:44 PDT] Run start: target meeting 2026-08-13 (Agenda #3585), 12 days out.
[2026-08-01 11:31:44 PDT] Agenda: not due yet (12 days out, interval 1 day, 0:00:00, A2507016 windows open until 2026-08-03 — daily). Last checked 2026-08-01T09:28:30.408651-07:00.
[2026-08-01 11:31:44 PDT] Hold List: skipped (agenda not yet confirmed).
[2026-08-01 11:31:44 PDT] Run complete.
[2026-08-01 12:45:43 PDT] Proceeding A2507016: checking Proposed Decisions list.
[2026-08-01 12:45:45 PDT] Proceeding A2507016: 20 PD list entries, 0 match the proceeding.
[2026-08-01 12:45:45 PDT] Run start: target meeting 2026-08-13 (Agenda #3585), 12 days out.
[2026-08-01 12:45:45 PDT] Agenda: not due yet (12 days out, interval 1 day, 0:00:00, A2507016 windows open until 2026-08-03 — daily). Last checked 2026-08-01T09:28:30.408651-07:00.
[2026-08-01 12:45:45 PDT] Hold List: skipped (agenda not yet confirmed).
[2026-08-01 12:45:45 PDT] Run complete.
[2026-08-01 13:34:24 PDT] Proceeding A2507016: not due yet (interval 3:00:00). Last checked 2026-08-01T12:45:43.025225-07:00.
[2026-08-01 13:34:24 PDT] Run start: target meeting 2026-08-13 (Agenda #3585), 12 days out.
[2026-08-01 13:34:24 PDT] Agenda: not due yet (12 days out, interval 1 day, 0:00:00, A2507016 windows open until 2026-08-03 — daily). Last checked 2026-08-01T09:28:30.408651-07:00.
[2026-08-01 13:34:24 PDT] Hold List: skipped (agenda not yet confirmed).
[2026-08-01 13:34:24 PDT] Run complete.
[2026-08-01 14:32:21 PDT] Proceeding A2507016: not due yet (interval 3:00:00). Last checked 2026-08-01T12:45:43.025225-07:00.
[2026-08-01 14:32:21 PDT] Run start: target meeting 2026-08-13 (Agenda #3585), 12 days out.
[2026-08-01 14:32:21 PDT] Agenda: not due yet (12 days out, interval 1 day, 0:00:00, A2507016 windows open until 2026-08-03 — daily). Last checked 2026-08-01T09:28:30.408651-07:00.
[2026-08-01 14:32:21 PDT] Hold List: skipped (agenda not yet confirmed).
[2026-08-01 14:32:21 PDT] Run complete.
[2026-08-01 15:27:54 PDT] Proceeding A2507016: not due yet (interval 3:00:00). Last checked 2026-08-01T12:45:43.025225-07:00.
[2026-08-01 15:27:54 PDT] Run start: target meeting 2026-08-13 (Agenda #3585), 12 days out.
[2026-08-01 15:27:54 PDT] Agenda: not due yet (12 days out, interval 1 day, 0:00:00, A2507016 windows open until 2026-08-03 — daily). Last checked 2026-08-01T09:28:30.408651-07:00.
[2026-08-01 15:27:54 PDT] Hold List: skipped (agenda not yet confirmed).
[2026-08-01 15:27:54 PDT] Run complete.
[2026-08-01 16:28:28 PDT] Proceeding A2507016: checking Proposed Decisions list.
[2026-08-01 16:28:34 PDT] Proceeding A2507016: 20 PD list entries, 0 match the proceeding.
[2026-08-01 16:28:34 PDT] Run start: target meeting 2026-08-13 (Agenda #3585), 12 days out.
[2026-08-01 16:28:34 PDT] Agenda: not due yet (12 days out, interval 1 day, 0:00:00, A2507016 windows open until 2026-08-03 — daily). Last checked 2026-08-01T09:28:30.408651-07:00.
[2026-08-01 16:28:34 PDT] Hold List: skipped (agenda not yet confirmed).
[2026-08-01 16:28:34 PDT] Run complete.
[2026-08-01 18:06:44 PDT] Proceeding A2507016: not due yet (interval 3:00:00). Last checked 2026-08-01T16:28:28.762480-07:00.
[2026-08-01 18:06:44 PDT] Run start: target meeting 2026-08-13 (Agenda #3585), 12 days out.
[2026-08-01 18:06:44 PDT] Agenda: not due yet (12 days out, interval 1 day, 0:00:00, A2507016 windows open until 2026-08-03 — daily). Last checked 2026-08-01T09:28:30.408651-07:00.
[2026-08-01 18:06:44 PDT] Hold List: skipped (agenda not yet confirmed).
[2026-08-01 18:06:44 PDT] Run complete.
[2026-08-01 21:33:39 PDT] Proceeding A2507016: checking Proposed Decisions list.
[2026-08-01 21:33:45 PDT] Proceeding A2507016: 20 PD list entries, 0 match the proceeding.
[2026-08-01 21:33:45 PDT] Run start: target meeting 2026-08-13 (Agenda #3585), 12 days out.
[2026-08-01 21:33:45 PDT] Agenda: not due yet (12 days out, interval 1 day, 0:00:00, A2507016 windows open until 2026-08-03 — daily). Last checked 2026-08-01T09:28:30.408651-07:00.
[2026-08-01 21:33:45 PDT] Hold List: skipped (agenda not yet confirmed).
[2026-08-01 21:33:45 PDT] Run complete.
[2026-08-02 00:11:19 PDT] Proceeding A2507016: not due yet (interval 3:00:00). Last checked 2026-08-01T21:33:39.423086-07:00.
[2026-08-02 00:11:19 PDT] Run start: target meeting 2026-08-13 (Agenda #3585), 11 days out.
[2026-08-02 00:11:19 PDT] Agenda: not due yet (11 days out, interval 1 day, 0:00:00, A2507016 windows open until 2026-08-03 — daily). Last checked 2026-08-01T09:28:30.408651-07:00.
[2026-08-02 00:11:19 PDT] Hold List: skipped (agenda not yet confirmed).
[2026-08-02 00:11:19 PDT] Run complete.
[2026-08-02 02:19:43 PDT] Proceeding A2507016: checking Proposed Decisions list.
[2026-08-02 02:19:45 PDT] Proceeding A2507016: 20 PD list entries, 0 match the proceeding.
[2026-08-02 02:19:45 PDT] Run start: target meeting 2026-08-13 (Agenda #3585), 11 days out.
[2026-08-02 02:19:45 PDT] Agenda: not due yet (11 days out, interval 1 day, 0:00:00, A2507016 windows open until 2026-08-03 — daily). Last checked 2026-08-01T09:28:30.408651-07:00.
[2026-08-02 02:19:45 PDT] Hold List: skipped (agenda not yet confirmed).
[2026-08-02 02:19:45 PDT] Run complete.
[2026-08-02 03:53:26 PDT] Proceeding A2507016: not due yet (interval 3:00:00). Last checked 2026-08-02T02:19:43.801807-07:00.
[2026-08-02 03:53:26 PDT] Run start: target meeting 2026-08-13 (Agenda #3585), 11 days out.
[2026-08-02 03:53:26 PDT] Agenda: not due yet (11 days out, interval 1 day, 0:00:00, A2507016 windows open until 2026-08-03 — daily). Last checked 2026-08-01T09:28:30.408651-07:00.
[2026-08-02 03:53:26 PDT] Hold List: skipped (agenda not yet confirmed).
[2026-08-02 03:53:26 PDT] Run complete.
[2026-08-02 04:51:39 PDT] Proceeding A2507016: not due yet (interval 3:00:00). Last checked 2026-08-02T02:19:43.801807-07:00.
[2026-08-02 04:51:39 PDT] Run start: target meeting 2026-08-13 (Agenda #3585), 11 days out.
[2026-08-02 04:51:39 PDT] Agenda: not due yet (11 days out, interval 1 day, 0:00:00, A2507016 windows open until 2026-08-03 — daily). Last checked 2026-08-01T09:28:30.408651-07:00.
[2026-08-02 04:51:39 PDT] Hold List: skipped (agenda not yet confirmed).
[2026-08-02 04:51:39 PDT] Run complete.
[2026-08-02 05:45:42 PDT] Proceeding A2507016: checking Proposed Decisions list.
[2026-08-02 05:45:46 PDT] Proceeding A2507016: 20 PD list entries, 0 match the proceeding.
[2026-08-02 05:45:46 PDT] Run start: target meeting 2026-08-13 (Agenda #3585), 11 days out.
[2026-08-02 05:45:46 PDT] Agenda: not due yet (11 days out, interval 1 day, 0:00:00, A2507016 windows open until 2026-08-03 — daily). Last checked 2026-08-01T09:28:30.408651-07:00.
[2026-08-02 05:45:46 PDT] Hold List: skipped (agenda not yet confirmed).
[2026-08-02 05:45:46 PDT] Run complete.
[2026-08-02 07:16:03 PDT] Proceeding A2507016: not due yet (interval 3:00:00). Last checked 2026-08-02T05:45:42.331936-07:00.
[2026-08-02 07:16:03 PDT] Run start: target meeting 2026-08-13 (Agenda #3585), 11 days out.
[2026-08-02 07:16:03 PDT] Agenda: not due yet (11 days out, interval 1 day, 0:00:00, A2507016 windows open until 2026-08-03 — daily). Last checked 2026-08-01T09:28:30.408651-07:00.
[2026-08-02 07:16:03 PDT] Hold List: skipped (agenda not yet confirmed).
[2026-08-02 07:16:03 PDT] Run complete.
[2026-08-02 08:29:16 PDT] Proceeding A2507016: not due yet (interval 3:00:00). Last checked 2026-08-02T05:45:42.331936-07:00.
[2026-08-02 08:29:16 PDT] Run start: target meeting 2026-08-13 (Agenda #3585), 11 days out.
[2026-08-02 08:29:16 PDT] Agenda: not due yet (11 days out, interval 1 day, 0:00:00, A2507016 windows open until 2026-08-03 — daily). Last checked 2026-08-01T09:28:30.408651-07:00.
[2026-08-02 08:29:16 PDT] Hold List: skipped (agenda not yet confirmed).
[2026-08-02 08:29:16 PDT] Run complete.
[2026-08-02 09:29:04 PDT] Proceeding A2507016: checking Proposed Decisions list.
[2026-08-02 09:29:06 PDT] Proceeding A2507016: 20 PD list entries, 0 match the proceeding.
[2026-08-02 09:29:06 PDT] Run start: target meeting 2026-08-13 (Agenda #3585), 11 days out.
[2026-08-02 09:29:06 PDT] Agenda: checking (11 days out, interval 1 day, 0:00:00, A2507016 windows open until 2026-08-03 — daily).
[2026-08-02 09:29:15 PDT] Agenda: latest is 'Current Meeting Agenda for July 16, 2026 (Agenda #3584 - #5)'.
[2026-08-02 09:29:15 PDT] Agenda: does not match target 2026-08-13 (Agenda #3585) yet.
[2026-08-02 09:29:15 PDT] Hold List: skipped (agenda not yet confirmed).
[2026-08-02 09:29:15 PDT] Run complete.
[2026-08-02 10:32:24 PDT] Proceeding A2507016: not due yet (interval 3:00:00). Last checked 2026-08-02T09:29:04.341045-07:00.
[2026-08-02 10:32:24 PDT] Run start: target meeting 2026-08-13 (Agenda #3585), 11 days out.
[2026-08-02 10:32:24 PDT] Agenda: not due yet (11 days out, interval 1 day, 0:00:00, A2507016 windows open until 2026-08-03 — daily). Last checked 2026-08-02T09:29:04.341045-07:00.
[2026-08-02 10:32:24 PDT] Hold List: skipped (agenda not yet confirmed).
[2026-08-02 10:32:24 PDT] Run complete.
[2026-08-02 11:33:31 PDT] Proceeding A2507016: not due yet (interval 3:00:00). Last checked 2026-08-02T09:29:04.341045-07:00.
[2026-08-02 11:33:31 PDT] Run start: target meeting 2026-08-13 (Agenda #3585), 11 days out.
[2026-08-02 11:33:31 PDT] Agenda: not due yet (11 days out, interval 1 day, 0:00:00, A2507016 windows open until 2026-08-03 — daily). Last checked 2026-08-02T09:29:04.341045-07:00.
[2026-08-02 11:33:31 PDT] Hold List: skipped (agenda not yet confirmed).
[2026-08-02 11:33:31 PDT] Run complete.
[2026-08-02 12:47:08 PDT] Proceeding A2507016: checking Proposed Decisions list.
[2026-08-02 12:47:14 PDT] Proceeding A2507016: 20 PD list entries, 0 match the proceeding.
[2026-08-02 12:47:14 PDT] Run start: target meeting 2026-08-13 (Agenda #3585), 11 days out.
[2026-08-02 12:47:14 PDT] Agenda: not due yet (11 days out, interval 1 day, 0:00:00, A2507016 windows open until 2026-08-03 — daily). Last checked 2026-08-02T09:29:04.341045-07:00.
[2026-08-02 12:47:14 PDT] Hold List: skipped (agenda not yet confirmed).
[2026-08-02 12:47:14 PDT] Run complete.
[2026-08-02 13:37:16 PDT] Proceeding A2507016: not due yet (interval 3:00:00). Last checked 2026-08-02T12:47:08.283189-07:00.
[2026-08-02 13:37:16 PDT] Run start: target meeting 2026-08-13 (Agenda #3585), 11 days out.
[2026-08-02 13:37:16 PDT] Agenda: not due yet (11 days out, interval 1 day, 0:00:00, A2507016 windows open until 2026-08-03 — daily). Last checked 2026-08-02T09:29:04.341045-07:00.
[2026-08-02 13:37:16 PDT] Hold List: skipped (agenda not yet confirmed).
[2026-08-02 13:37:16 PDT] Run complete.
[2026-08-02 14:31:48 PDT] Proceeding A2507016: not due yet (interval 3:00:00). Last checked 2026-08-02T12:47:08.283189-07:00.
[2026-08-02 14:31:48 PDT] Run start: target meeting 2026-08-13 (Agenda #3585), 11 days out.
[2026-08-02 14:31:48 PDT] Agenda: not due yet (11 days out, interval 1 day, 0:00:00, A2507016 windows open until 2026-08-03 — daily). Last checked 2026-08-02T09:29:04.341045-07:00.
[2026-08-02 14:31:48 PDT] Hold List: skipped (agenda not yet confirmed).
[2026-08-02 14:31:48 PDT] Run complete.
[2026-08-02 15:30:42 PDT] Proceeding A2507016: not due yet (interval 3:00:00). Last checked 2026-08-02T12:47:08.283189-07:00.
[2026-08-02 15:30:42 PDT] Run start: target meeting 2026-08-13 (Agenda #3585), 11 days out.
[2026-08-02 15:30:42 PDT] Agenda: not due yet (11 days out, interval 1 day, 0:00:00, A2507016 windows open until 2026-08-03 — daily). Last checked 2026-08-02T09:29:04.341045-07:00.
[2026-08-02 15:30:42 PDT] Hold List: skipped (agenda not yet confirmed).
[2026-08-02 15:30:42 PDT] Run complete.
[2026-08-02 16:30:58 PDT] Proceeding A2507016: checking Proposed Decisions list.
[2026-08-02 16:30:59 PDT] Proceeding A2507016: 20 PD list entries, 0 match the proceeding.
[2026-08-02 16:30:59 PDT] Run start: target meeting 2026-08-13 (Agenda #3585), 11 days out.
[2026-08-02 16:30:59 PDT] Agenda: not due yet (11 days out, interval 1 day, 0:00:00, A2507016 windows open until 2026-08-03 — daily). Last checked 2026-08-02T09:29:04.341045-07:00.
[2026-08-02 16:30:59 PDT] Hold List: skipped (agenda not yet confirmed).
[2026-08-02 16:30:59 PDT] Run complete.
[2026-08-02 18:08:28 PDT] Proceeding A2507016: not due yet (interval 3:00:00). Last checked 2026-08-02T16:30:58.463789-07:00.
[2026-08-02 18:08:28 PDT] Run start: target meeting 2026-08-13 (Agenda #3585), 11 days out.
[2026-08-02 18:08:28 PDT] Agenda: not due yet (11 days out, interval 1 day, 0:00:00, A2507016 windows open until 2026-08-03 — daily). Last checked 2026-08-02T09:29:04.341045-07:00.
[2026-08-02 18:08:28 PDT] Hold List: skipped (agenda not yet confirmed).
[2026-08-02 18:08:28 PDT] Run complete.
[2026-08-02 21:44:03 PDT] Proceeding A2507016: checking Proposed Decisions list.
[2026-08-02 21:44:09 PDT] Proceeding A2507016: 20 PD list entries, 0 match the proceeding.
[2026-08-02 21:44:09 PDT] Run start: target meeting 2026-08-13 (Agenda #3585), 11 days out.
[2026-08-02 21:44:09 PDT] Agenda: not due yet (11 days out, interval 1 day, 0:00:00, A2507016 windows open until 2026-08-03 — daily). Last checked 2026-08-02T09:29:04.341045-07:00.
[2026-08-02 21:44:09 PDT] Hold List: skipped (agenda not yet confirmed).
[2026-08-02 21:44:09 PDT] Run complete.
[2026-08-03 01:04:21 PDT] Proceeding A2507016: checking Proposed Decisions list.
[2026-08-03 01:04:27 PDT] Proceeding A2507016: 20 PD list entries, 0 match the proceeding.
[2026-08-03 01:04:27 PDT] Run start: target meeting 2026-08-13 (Agenda #3585), 10 days out.
[2026-08-03 01:04:27 PDT] Agenda: checking (10 days out, interval 0:15:00, A2507016 agenda-eligible — frequent).
[2026-08-03 01:05:00 PDT] Agenda: fetch error: ReadTimeout(ReadTimeoutError("HTTPSConnectionPool(host='docs.cpuc.ca.gov', port=443): Read timed out. (read timeout=30)"))
[2026-08-03 01:05:00 PDT] Hold List: skipped (agenda not yet confirmed).
[2026-08-03 01:05:00 PDT] Run complete.
[2026-08-03 04:38:19 PDT] Proceeding A2507016: checking Proposed Decisions list.
[2026-08-03 04:38:25 PDT] Proceeding A2507016: 20 PD list entries, 0 match the proceeding.
[2026-08-03 04:38:25 PDT] Run start: target meeting 2026-08-13 (Agenda #3585), 10 days out.
[2026-08-03 04:38:25 PDT] Agenda: checking (10 days out, interval 0:15:00, A2507016 agenda-eligible — frequent).
[2026-08-03 04:38:36 PDT] Agenda: latest is 'Current Meeting Agenda for July 16, 2026 (Agenda #3584 - #5)'.
[2026-08-03 04:38:36 PDT] Agenda: does not match target 2026-08-13 (Agenda #3585) yet.
[2026-08-03 04:38:36 PDT] Hold List: skipped (agenda not yet confirmed).
[2026-08-03 04:38:36 PDT] Run complete.
[2026-08-03 07:00:33 PDT] Proceeding A2507016: not due yet (interval 3:00:00). Last checked 2026-08-03T04:38:19.511208-07:00.
[2026-08-03 07:00:33 PDT] Run start: target meeting 2026-08-13 (Agenda #3585), 10 days out.
[2026-08-03 07:00:33 PDT] Agenda: checking (10 days out, interval 0:15:00, A2507016 agenda-eligible — frequent).
[2026-08-03 07:00:48 PDT] Agenda: latest is 'Current Meeting Agenda for July 16, 2026 (Agenda #3584 - #5)'.
[2026-08-03 07:00:48 PDT] Agenda: does not match target 2026-08-13 (Agenda #3585) yet.
[2026-08-03 07:00:48 PDT] Hold List: skipped (agenda not yet confirmed).
[2026-08-03 07:00:48 PDT] Run complete.
[2026-08-03 09:31:01 PDT] Proceeding A2507016: checking Proposed Decisions list.
[2026-08-03 09:31:08 PDT] Proceeding A2507016: 20 PD list entries, 0 match the proceeding.
[2026-08-03 09:31:08 PDT] Run start: target meeting 2026-08-13 (Agenda #3585), 10 days out.
[2026-08-03 09:31:08 PDT] Agenda: checking (10 days out, interval 0:15:00, A2507016 agenda-eligible — frequent).
[2026-08-03 09:31:24 PDT] Agenda: latest is 'Current Meeting Agenda for July 16, 2026 (Agenda #3584 - #5)'.
[2026-08-03 09:31:24 PDT] Agenda: does not match target 2026-08-13 (Agenda #3585) yet.
[2026-08-03 09:31:24 PDT] Hold List: skipped (agenda not yet confirmed).
[2026-08-03 09:31:24 PDT] Run complete.
[2026-08-03 11:18:37 PDT] Proceeding A2507016: not due yet (interval 3:00:00). Last checked 2026-08-03T09:31:01.727778-07:00.
[2026-08-03 11:18:37 PDT] Run start: target meeting 2026-08-13 (Agenda #3585), 10 days out.
[2026-08-03 11:18:37 PDT] Agenda: checking (10 days out, interval 0:15:00, A2507016 agenda-eligible — frequent).
[2026-08-03 11:19:12 PDT] Agenda: fetch error: ReadTimeout(ReadTimeoutError("HTTPSConnectionPool(host='docs.cpuc.ca.gov', port=443): Read timed out. (read timeout=30)"))
[2026-08-03 11:19:12 PDT] Hold List: skipped (agenda not yet confirmed).
[2026-08-03 11:19:12 PDT] Run complete.
[2026-08-03 13:01:55 PDT] Proceeding A2507016: checking Proposed Decisions list.
[2026-08-03 13:02:01 PDT] Proceeding A2507016: 20 PD list entries, 0 match the proceeding.
[2026-08-03 13:02:01 PDT] Run start: target meeting 2026-08-13 (Agenda #3585), 10 days out.
[2026-08-03 13:02:01 PDT] Agenda: checking (10 days out, interval 0:15:00, A2507016 agenda-eligible — frequent).
[2026-08-03 13:02:18 PDT] Agenda: latest is 'Current Meeting Agenda for July 16, 2026 (Agenda #3584 - #5)'.
[2026-08-03 13:02:18 PDT] Agenda: does not match target 2026-08-13 (Agenda #3585) yet.
[2026-08-03 13:02:18 PDT] Hold List: skipped (agenda not yet confirmed).
[2026-08-03 13:02:18 PDT] Run complete.
[2026-08-03 14:14:03 PDT] Proceeding A2507016: not due yet (interval 3:00:00). Last checked 2026-08-03T13:01:55.230557-07:00.
[2026-08-03 14:14:03 PDT] Run start: target meeting 2026-08-13 (Agenda #3585), 10 days out.
[2026-08-03 14:14:03 PDT] Agenda: checking (10 days out, interval 0:15:00, A2507016 agenda-eligible — frequent).
[2026-08-03 14:14:19 PDT] Agenda: latest is 'Current Meeting Agenda for July 16, 2026 (Agenda #3584 - #5)'.
[2026-08-03 14:14:19 PDT] Agenda: does not match target 2026-08-13 (Agenda #3585) yet.
[2026-08-03 14:14:19 PDT] Hold List: skipped (agenda not yet confirmed).
[2026-08-03 14:14:19 PDT] Run complete.
[2026-08-03 15:17:54 PDT] Proceeding A2507016: not due yet (interval 3:00:00). Last checked 2026-08-03T13:01:55.230557-07:00.
[2026-08-03 15:17:54 PDT] Run start: target meeting 2026-08-13 (Agenda #3585), 10 days out.
[2026-08-03 15:17:54 PDT] Agenda: checking (10 days out, interval 0:15:00, A2507016 agenda-eligible — frequent).
[2026-08-03 15:18:06 PDT] Agenda: latest is 'Current Meeting Agenda for August 13, 2026 (Agenda #3585)'.
[2026-08-03 15:18:11 PDT] Agenda: A2507016 FOUND on this agenda.
[2026-08-03 15:18:12 PDT] Email: sent via Brevo to 4 recipient(s).
[2026-08-03 15:18:12 PDT] Agenda: CONFIRMED and alert sent. PDF: https://docs.cpuc.ca.gov/PublishedDocs/Published/G000/M613/K284/613284278.pdf
[2026-08-03 15:18:12 PDT] Hold List: checking (10 days out, interval 3:00:00).
[2026-08-03 15:18:26 PDT] Hold List: latest is 'Hold List for July 16, 2026 (Agenda 3584) (Final).docx'.
[2026-08-03 15:18:26 PDT] Hold List: does not match target 2026-08-13 (Agenda #3585) yet.
[2026-08-03 15:18:26 PDT] Run complete.
[2026-08-03 16:30:04 PDT] Proceeding A2507016: checking Proposed Decisions list.
[2026-08-03 16:30:10 PDT] Proceeding A2507016: 20 PD list entries, 0 match the proceeding.
[2026-08-03 16:30:10 PDT] Run start: target meeting 2026-08-13 (Agenda #3585), 10 days out.
[2026-08-03 16:30:10 PDT] Hold List: not due yet (10 days out, interval 3:00:00). Last checked 2026-08-03T15:17:54.632153-07:00.
[2026-08-03 16:30:10 PDT] Run complete.
[2026-08-03 18:01:12 PDT] Proceeding A2507016: not due yet (interval 3:00:00). Last checked 2026-08-03T16:30:04.581436-07:00.
[2026-08-03 18:01:12 PDT] Run start: target meeting 2026-08-13 (Agenda #3585), 10 days out.
[2026-08-03 18:01:12 PDT] Hold List: not due yet (10 days out, interval 3:00:00). Last checked 2026-08-03T15:17:54.632153-07:00.
[2026-08-03 18:01:12 PDT] Run complete.
[2026-08-03 21:19:06 PDT] Proceeding A2507016: checking Proposed Decisions list.
[2026-08-03 21:19:13 PDT] Proceeding A2507016: 20 PD list entries, 0 match the proceeding.
[2026-08-03 21:19:13 PDT] Run start: target meeting 2026-08-13 (Agenda #3585), 10 days out.
[2026-08-03 21:19:13 PDT] Hold List: checking (10 days out, interval 3:00:00).
[2026-08-03 21:19:26 PDT] Hold List: latest is 'Hold List for July 16, 2026 (Agenda 3584) (Final).docx'.
[2026-08-03 21:19:26 PDT] Hold List: does not match target 2026-08-13 (Agenda #3585) yet.
[2026-08-03 21:19:26 PDT] Run complete.
[2026-08-03 23:44:46 PDT] Proceeding A2507016: not due yet (interval 3:00:00). Last checked 2026-08-03T21:19:06.696835-07:00.
[2026-08-03 23:44:46 PDT] Run start: target meeting 2026-08-13 (Agenda #3585), 10 days out.
[2026-08-03 23:44:46 PDT] Hold List: not due yet (10 days out, interval 3:00:00). Last checked 2026-08-03T21:19:06.696835-07:00.
[2026-08-03 23:44:46 PDT] Run complete.
[2026-08-04 02:30:01 PDT] Proceeding A2507016: checking Proposed Decisions list.
[2026-08-04 02:30:03 PDT] Proceeding A2507016: 20 PD list entries, 0 match the proceeding.
[2026-08-04 02:30:03 PDT] Run start: target meeting 2026-08-13 (Agenda #3585), 9 days out.
[2026-08-04 02:30:03 PDT] Hold List: checking (9 days out, interval 3:00:00).
[2026-08-04 02:30:15 PDT] Hold List: latest is 'Hold List for July 16, 2026 (Agenda 3584) (Final).docx'.
[2026-08-04 02:30:15 PDT] Hold List: does not match target 2026-08-13 (Agenda #3585) yet.
[2026-08-04 02:30:15 PDT] Run complete.
[2026-08-04 04:40:24 PDT] Proceeding A2507016: not due yet (interval 3:00:00). Last checked 2026-08-04T02:30:01.003477-07:00.
[2026-08-04 04:40:24 PDT] Run start: target meeting 2026-08-13 (Agenda #3585), 9 days out.
[2026-08-04 04:40:24 PDT] Hold List: not due yet (9 days out, interval 3:00:00). Last checked 2026-08-04T02:30:01.003477-07:00.
[2026-08-04 04:40:24 PDT] Run complete.
[2026-08-04 06:22:42 PDT] Proceeding A2507016: checking Proposed Decisions list.
[2026-08-04 06:23:06 PDT] Proceeding A2507016: 20 PD list entries, 0 match the proceeding.
[2026-08-04 06:23:06 PDT] Run start: target meeting 2026-08-13 (Agenda #3585), 9 days out.
[2026-08-04 06:23:06 PDT] Hold List: checking (9 days out, interval 3:00:00).
[2026-08-04 06:23:36 PDT] Hold List: fetch error: ReadTimeout(ReadTimeoutError("HTTPSConnectionPool(host='docs.cpuc.ca.gov', port=443): Read timed out. (read timeout=30)"))
[2026-08-04 06:23:36 PDT] Run complete.
[2026-08-04 08:41:02 PDT] Proceeding A2507016: not due yet (interval 3:00:00). Last checked 2026-08-04T06:22:42.799318-07:00.
[2026-08-04 08:41:02 PDT] Run start: target meeting 2026-08-13 (Agenda #3585), 9 days out.
[2026-08-04 08:41:02 PDT] Hold List: not due yet (9 days out, interval 3:00:00). Last checked 2026-08-04T06:22:42.799318-07:00.
[2026-08-04 08:41:02 PDT] Run complete.
[2026-08-04 10:19:23 PDT] Proceeding A2507016: checking Proposed Decisions list.
[2026-08-04 10:19:25 PDT] Proceeding A2507016: 20 PD list entries, 0 match the proceeding.
[2026-08-04 10:19:25 PDT] Run start: target meeting 2026-08-13 (Agenda #3585), 9 days out.
[2026-08-04 10:19:25 PDT] Hold List: checking (9 days out, interval 3:00:00).
[2026-08-04 10:19:39 PDT] Hold List: latest is 'Hold List for July 16, 2026 (Agenda 3584) (Final).docx'.
[2026-08-04 10:19:39 PDT] Hold List: does not match target 2026-08-13 (Agenda #3585) yet.
[2026-08-04 10:19:39 PDT] Run complete.
[2026-08-04 11:58:29 PDT] Proceeding A2507016: not due yet (interval 3:00:00). Last checked 2026-08-04T10:19:23.597071-07:00.
[2026-08-04 11:58:29 PDT] Run start: target meeting 2026-08-13 (Agenda #3585), 9 days out.
[2026-08-04 11:58:29 PDT] Hold List: not due yet (9 days out, interval 3:00:00). Last checked 2026-08-04T10:19:23.597071-07:00.
[2026-08-04 11:58:29 PDT] Run complete.
[2026-08-04 13:25:39 PDT] Proceeding A2507016: checking Proposed Decisions list.
[2026-08-04 13:25:41 PDT] Proceeding A2507016: 20 PD list entries, 0 match the proceeding.
[2026-08-04 13:25:41 PDT] Run start: target meeting 2026-08-13 (Agenda #3585), 9 days out.
[2026-08-04 13:25:41 PDT] Hold List: checking (9 days out, interval 3:00:00).
[2026-08-04 13:25:56 PDT] Hold List: latest is 'Hold List for July 16, 2026 (Agenda 3584) (Final).docx'.
[2026-08-04 13:25:56 PDT] Hold List: does not match target 2026-08-13 (Agenda #3585) yet.
[2026-08-04 13:25:56 PDT] Run complete.
[2026-08-04 14:46:12 PDT] Proceeding A2507016: not due yet (interval 3:00:00). Last checked 2026-08-04T13:25:39.281424-07:00.
[2026-08-04 14:46:12 PDT] Run start: target meeting 2026-08-13 (Agenda #3585), 9 days out.
[2026-08-04 14:46:12 PDT] Hold List: not due yet (9 days out, interval 3:00:00). Last checked 2026-08-04T13:25:39.281424-07:00.
[2026-08-04 14:46:12 PDT] Run complete.
[2026-08-04 15:45:47 PDT] Proceeding A2507016: not due yet (interval 3:00:00). Last checked 2026-08-04T13:25:39.281424-07:00.
[2026-08-04 15:45:47 PDT] Run start: target meeting 2026-08-13 (Agenda #3585), 9 days out.
[2026-08-04 15:45:47 PDT] Hold List: not due yet (9 days out, interval 3:00:00). Last checked 2026-08-04T13:25:39.281424-07:00.
[2026-08-04 15:45:47 PDT] Run complete.
[2026-08-04 16:44:39 PDT] Proceeding A2507016: checking Proposed Decisions list.
[2026-08-04 16:44:45 PDT] Proceeding A2507016: 20 PD list entries, 0 match the proceeding.
[2026-08-04 16:44:45 PDT] Run start: target meeting 2026-08-13 (Agenda #3585), 9 days out.
[2026-08-04 16:44:45 PDT] Hold List: checking (9 days out, interval 3:00:00).
[2026-08-04 16:45:01 PDT] Hold List: latest is 'Hold List for July 16, 2026 (Agenda 3584) (Final).docx'.
[2026-08-04 16:45:01 PDT] Hold List: does not match target 2026-08-13 (Agenda #3585) yet.
[2026-08-04 16:45:01 PDT] Run complete.
[2026-08-04 18:07:00 PDT] Proceeding A2507016: not due yet (interval 3:00:00). Last checked 2026-08-04T16:44:39.366306-07:00.
[2026-08-04 18:07:00 PDT] Run start: target meeting 2026-08-13 (Agenda #3585), 9 days out.
[2026-08-04 18:07:00 PDT] Hold List: not due yet (9 days out, interval 3:00:00). Last checked 2026-08-04T16:44:39.366306-07:00.
[2026-08-04 18:07:00 PDT] Run complete.
[2026-08-04 21:24:01 PDT] Proceeding A2507016: checking Proposed Decisions list.
[2026-08-04 21:24:07 PDT] Proceeding A2507016: 20 PD list entries, 0 match the proceeding.
[2026-08-04 21:24:07 PDT] Run start: target meeting 2026-08-13 (Agenda #3585), 9 days out.
[2026-08-04 21:24:07 PDT] Hold List: checking (9 days out, interval 3:00:00).
[2026-08-04 21:24:20 PDT] Hold List: latest is 'Hold List for July 16, 2026 (Agenda 3584) (Final).docx'.
[2026-08-04 21:24:20 PDT] Hold List: does not match target 2026-08-13 (Agenda #3585) yet.
[2026-08-04 21:24:20 PDT] Run complete.
[2026-08-05 00:08:16 PDT] Proceeding A2507016: not due yet (interval 3:00:00). Last checked 2026-08-04T21:24:01.309679-07:00.
[2026-08-05 00:08:16 PDT] Run start: target meeting 2026-08-13 (Agenda #3585), 8 days out.
[2026-08-05 00:08:16 PDT] Hold List: not due yet (8 days out, interval 3:00:00). Last checked 2026-08-04T21:24:01.309679-07:00.
[2026-08-05 00:08:16 PDT] Run complete.
[2026-08-05 02:45:53 PDT] Proceeding A2507016: checking Proposed Decisions list.
[2026-08-05 02:45:55 PDT] Proceeding A2507016: 20 PD list entries, 0 match the proceeding.
[2026-08-05 02:45:55 PDT] Run start: target meeting 2026-08-13 (Agenda #3585), 8 days out.
[2026-08-05 02:45:55 PDT] Hold List: checking (8 days out, interval 3:00:00).
[2026-08-05 02:46:13 PDT] Hold List: latest is 'Hold List for July 16, 2026 (Agenda 3584) (Final).docx'.
[2026-08-05 02:46:13 PDT] Hold List: does not match target 2026-08-13 (Agenda #3585) yet.
[2026-08-05 02:46:13 PDT] Run complete.
[2026-08-05 04:46:01 PDT] Proceeding A2507016: not due yet (interval 3:00:00). Last checked 2026-08-05T02:45:53.954624-07:00.
[2026-08-05 04:46:01 PDT] Run start: target meeting 2026-08-13 (Agenda #3585), 8 days out.
[2026-08-05 04:46:01 PDT] Hold List: not due yet (8 days out, interval 3:00:00). Last checked 2026-08-05T02:45:53.954624-07:00.
[2026-08-05 04:46:01 PDT] Run complete.
[2026-08-05 06:24:23 PDT] Proceeding A2507016: checking Proposed Decisions list.
[2026-08-05 06:24:29 PDT] Proceeding A2507016: 20 PD list entries, 0 match the proceeding.
[2026-08-05 06:24:29 PDT] Run start: target meeting 2026-08-13 (Agenda #3585), 8 days out.
[2026-08-05 06:24:29 PDT] Hold List: checking (8 days out, interval 3:00:00).
[2026-08-05 06:24:40 PDT] Hold List: latest is 'Hold List for July 16, 2026 (Agenda 3584) (Final).docx'.
[2026-08-05 06:24:40 PDT] Hold List: does not match target 2026-08-13 (Agenda #3585) yet.
[2026-08-05 06:24:40 PDT] Run complete.
[2026-08-05 08:35:40 PDT] Proceeding A2507016: not due yet (interval 3:00:00). Last checked 2026-08-05T06:24:23.600413-07:00.
[2026-08-05 08:35:40 PDT] Run start: target meeting 2026-08-13 (Agenda #3585), 8 days out.
[2026-08-05 08:35:40 PDT] Hold List: not due yet (8 days out, interval 3:00:00). Last checked 2026-08-05T06:24:23.600413-07:00.
[2026-08-05 08:35:40 PDT] Run complete.
[2026-08-05 10:06:22 PDT] Proceeding A2507016: checking Proposed Decisions list.
[2026-08-05 10:06:30 PDT] Proceeding A2507016: 20 PD list entries, 0 match the proceeding.
[2026-08-05 10:06:30 PDT] Run start: target meeting 2026-08-13 (Agenda #3585), 8 days out.
[2026-08-05 10:06:30 PDT] Hold List: checking (8 days out, interval 3:00:00).
[2026-08-05 10:06:47 PDT] Hold List: latest is 'Hold List for July 16, 2026 (Agenda 3584) (Final).docx'.
[2026-08-05 10:06:47 PDT] Hold List: does not match target 2026-08-13 (Agenda #3585) yet.
[2026-08-05 10:06:47 PDT] Run complete.
[2026-08-05 11:44:35 PDT] Proceeding A2507016: not due yet (interval 3:00:00). Last checked 2026-08-05T10:06:22.194027-07:00.
[2026-08-05 11:44:35 PDT] Run start: target meeting 2026-08-13 (Agenda #3585), 8 days out.
[2026-08-05 11:44:35 PDT] Hold List: not due yet (8 days out, interval 3:00:00). Last checked 2026-08-05T10:06:22.194027-07:00.
[2026-08-05 11:44:35 PDT] Run complete.
[2026-08-05 13:15:13 PDT] Proceeding A2507016: checking Proposed Decisions list.
[2026-08-05 13:15:24 PDT] Proceeding A2507016: 20 PD list entries, 0 match the proceeding.
[2026-08-05 13:15:24 PDT] Run start: target meeting 2026-08-13 (Agenda #3585), 8 days out.
[2026-08-05 13:15:24 PDT] Hold List: checking (8 days out, interval 3:00:00).
[2026-08-05 13:15:58 PDT] Hold List: fetch error: ReadTimeout(ReadTimeoutError("HTTPSConnectionPool(host='docs.cpuc.ca.gov', port=443): Read timed out. (read timeout=30)"))
[2026-08-05 13:15:58 PDT] Run complete.
[2026-08-05 14:34:18 PDT] Proceeding A2507016: not due yet (interval 3:00:00). Last checked 2026-08-05T13:15:13.634094-07:00.
[2026-08-05 14:34:18 PDT] Run start: target meeting 2026-08-13 (Agenda #3585), 8 days out.
[2026-08-05 14:34:18 PDT] Hold List: not due yet (8 days out, interval 3:00:00). Last checked 2026-08-05T13:15:13.634094-07:00.
[2026-08-05 14:34:18 PDT] Run complete.
[2026-08-05 15:37:38 PDT] Proceeding A2507016: not due yet (interval 3:00:00). Last checked 2026-08-05T13:15:13.634094-07:00.
[2026-08-05 15:37:38 PDT] Run start: target meeting 2026-08-13 (Agenda #3585), 8 days out.
[2026-08-05 15:37:38 PDT] Hold List: not due yet (8 days out, interval 3:00:00). Last checked 2026-08-05T13:15:13.634094-07:00.
[2026-08-05 15:37:38 PDT] Run complete.
[2026-08-05 16:34:11 PDT] Proceeding A2507016: checking Proposed Decisions list.
[2026-08-05 16:34:17 PDT] Proceeding A2507016: 20 PD list entries, 0 match the proceeding.
[2026-08-05 16:34:17 PDT] Run start: target meeting 2026-08-13 (Agenda #3585), 8 days out.
[2026-08-05 16:34:17 PDT] Hold List: checking (8 days out, interval 3:00:00).
[2026-08-05 16:34:33 PDT] Hold List: latest is 'Hold List for July 16, 2026 (Agenda 3584) (Final).docx'.
[2026-08-05 16:34:33 PDT] Hold List: does not match target 2026-08-13 (Agenda #3585) yet.
[2026-08-05 16:34:33 PDT] Run complete.
[2026-08-05 17:58:35 PDT] Proceeding A2507016: not due yet (interval 3:00:00). Last checked 2026-08-05T16:34:11.176489-07:00.
[2026-08-05 17:58:35 PDT] Run start: target meeting 2026-08-13 (Agenda #3585), 8 days out.
[2026-08-05 17:58:35 PDT] Hold List: not due yet (8 days out, interval 3:00:00). Last checked 2026-08-05T16:34:11.176489-07:00.
[2026-08-05 17:58:35 PDT] Run complete.
[2026-08-05 21:14:01 PDT] Proceeding A2507016: checking Proposed Decisions list.
[2026-08-05 21:14:03 PDT] Proceeding A2507016: 20 PD list entries, 0 match the proceeding.
[2026-08-05 21:14:03 PDT] Run start: target meeting 2026-08-13 (Agenda #3585), 8 days out.
[2026-08-05 21:14:03 PDT] Hold List: checking (8 days out, interval 3:00:00).
[2026-08-05 21:14:15 PDT] Hold List: latest is 'Hold List for July 16, 2026 (Agenda 3584) (Final).docx'.
[2026-08-05 21:14:15 PDT] Hold List: does not match target 2026-08-13 (Agenda #3585) yet.
[2026-08-05 21:14:15 PDT] Run complete.
[2026-08-05 23:46:35 PDT] Proceeding A2507016: not due yet (interval 3:00:00). Last checked 2026-08-05T21:14:01.543352-07:00.
[2026-08-05 23:46:35 PDT] Run start: target meeting 2026-08-13 (Agenda #3585), 8 days out.
[2026-08-05 23:46:35 PDT] Hold List: not due yet (8 days out, interval 3:00:00). Last checked 2026-08-05T21:14:01.543352-07:00.
[2026-08-05 23:46:35 PDT] Run complete.
[2026-08-06 02:31:18 PDT] Proceeding A2507016: checking Proposed Decisions list.
[2026-08-06 02:31:24 PDT] Proceeding A2507016: 20 PD list entries, 0 match the proceeding.
[2026-08-06 02:31:24 PDT] Run start: target meeting 2026-08-13 (Agenda #3585), 7 days out.
[2026-08-06 02:31:24 PDT] Hold List: checking (7 days out, interval 3:00:00).
[2026-08-06 02:31:36 PDT] Hold List: latest is 'Hold List for July 16, 2026 (Agenda 3584) (Final).docx'.
[2026-08-06 02:31:36 PDT] Hold List: does not match target 2026-08-13 (Agenda #3585) yet.
[2026-08-06 02:31:36 PDT] Run complete.
[2026-08-06 04:48:27 PDT] Proceeding A2507016: not due yet (interval 3:00:00). Last checked 2026-08-06T02:31:18.808159-07:00.
[2026-08-06 04:48:27 PDT] Run start: target meeting 2026-08-13 (Agenda #3585), 7 days out.
[2026-08-06 04:48:27 PDT] Hold List: not due yet (7 days out, interval 3:00:00). Last checked 2026-08-06T02:31:18.808159-07:00.
[2026-08-06 04:48:27 PDT] Run complete.
[2026-08-06 06:22:29 PDT] Proceeding A2507016: checking Proposed Decisions list.
[2026-08-06 06:22:31 PDT] Proceeding A2507016: 20 PD list entries, 0 match the proceeding.
[2026-08-06 06:22:31 PDT] Run start: target meeting 2026-08-13 (Agenda #3585), 7 days out.
[2026-08-06 06:22:31 PDT] Hold List: checking (7 days out, interval 3:00:00).
[2026-08-06 06:22:42 PDT] Hold List: latest is 'Hold List for July 16, 2026 (Agenda 3584) (Final).docx'.
[2026-08-06 06:22:42 PDT] Hold List: does not match target 2026-08-13 (Agenda #3585) yet.
[2026-08-06 06:22:42 PDT] Run complete.
[2026-08-06 17:29:58 PDT] Proceeding A2507016: checking Proposed Decisions list.
[2026-08-06 17:30:05 PDT] Proceeding A2507016: 20 PD list entries, 0 match the proceeding.
[2026-08-06 17:30:05 PDT] Run start: target meeting 2026-08-13 (Agenda #3585), 7 days out.
[2026-08-06 17:30:05 PDT] Hold List: checking (7 days out, interval 3:00:00).
[2026-08-06 17:30:17 PDT] Hold List: latest is 'Hold List for July 16, 2026 (Agenda 3584) (Final).docx'.
[2026-08-06 17:30:17 PDT] Hold List: does not match target 2026-08-13 (Agenda #3585) yet.
[2026-08-06 17:30:17 PDT] Run complete.
[2026-08-06 20:30:30 PDT] Proceeding A2507016: checking Proposed Decisions list.
[2026-08-06 20:30:32 PDT] Proceeding A2507016: 20 PD list entries, 0 match the proceeding.
[2026-08-06 20:30:32 PDT] Run start: target meeting 2026-08-13 (Agenda #3585), 7 days out.
[2026-08-06 20:30:32 PDT] Hold List: checking (7 days out, interval 3:00:00).
[2026-08-06 20:30:44 PDT] Hold List: latest is 'Hold List for July 16, 2026 (Agenda 3584) (Final).docx'.
[2026-08-06 20:30:44 PDT] Hold List: does not match target 2026-08-13 (Agenda #3585) yet.
[2026-08-06 20:30:44 PDT] Run complete.
[2026-08-06 22:16:33 PDT] Proceeding A2507016: not due yet (interval 3:00:00). Last checked 2026-08-06T20:30:30.627305-07:00.
[2026-08-06 22:16:33 PDT] Run start: target meeting 2026-08-13 (Agenda #3585), 7 days out.
[2026-08-06 22:16:33 PDT] Hold List: not due yet (7 days out, interval 3:00:00). Last checked 2026-08-06T20:30:30.627305-07:00.
[2026-08-06 22:16:33 PDT] Run complete.
[2026-08-06 23:34:29 PDT] Proceeding A2507016: checking Proposed Decisions list.
[2026-08-06 23:34:31 PDT] Proceeding A2507016: 20 PD list entries, 0 match the proceeding.
[2026-08-06 23:34:31 PDT] Run start: target meeting 2026-08-13 (Agenda #3585), 7 days out.
[2026-08-06 23:34:31 PDT] Hold List: checking (7 days out, interval 3:00:00).
[2026-08-06 23:34:48 PDT] Hold List: latest is 'Hold List for July 16, 2026 (Agenda 3584) (Final).docx'.
[2026-08-06 23:34:48 PDT] Hold List: does not match target 2026-08-13 (Agenda #3585) yet.
[2026-08-06 23:34:48 PDT] Run complete.
[2026-08-07 00:53:40 PDT] Proceeding A2507016: not due yet (interval 3:00:00). Last checked 2026-08-06T23:34:29.524319-07:00.
[2026-08-07 00:53:40 PDT] Run start: target meeting 2026-08-13 (Agenda #3585), 6 days out.
[2026-08-07 00:53:40 PDT] Hold List: not due yet (6 days out, interval 3:00:00). Last checked 2026-08-06T23:34:29.524319-07:00.
[2026-08-07 00:53:40 PDT] Run complete.
[2026-08-07 01:44:15 PDT] Proceeding A2507016: not due yet (interval 3:00:00). Last checked 2026-08-06T23:34:29.524319-07:00.
[2026-08-07 01:44:15 PDT] Run start: target meeting 2026-08-13 (Agenda #3585), 6 days out.
[2026-08-07 01:44:15 PDT] Hold List: not due yet (6 days out, interval 3:00:00). Last checked 2026-08-06T23:34:29.524319-07:00.
[2026-08-07 01:44:15 PDT] Run complete.
[2026-08-07 02:42:20 PDT] Proceeding A2507016: checking Proposed Decisions list.
[2026-08-07 02:42:21 PDT] Proceeding A2507016: fetch error: HTTPError('500 Server Error: Internal Server Error for url: https://docs.cpuc.ca.gov/SearchRes.aspx?ProposedDecisions=1&DaySearch=30')
[2026-08-07 02:42:21 PDT] Run start: target meeting 2026-08-13 (Agenda #3585), 6 days out.
[2026-08-07 02:42:21 PDT] Hold List: checking (6 days out, interval 3:00:00).
[2026-08-07 02:42:32 PDT] Hold List: latest is 'Hold List for July 16, 2026 (Agenda 3584) (Final).docx'.
[2026-08-07 02:42:32 PDT] Hold List: does not match target 2026-08-13 (Agenda #3585) yet.
[2026-08-07 02:42:32 PDT] Run complete.
[2026-08-07 03:33:00 PDT] Proceeding A2507016: not due yet (interval 3:00:00). Last checked 2026-08-07T02:42:20.961590-07:00.
[2026-08-07 03:33:00 PDT] Run start: target meeting 2026-08-13 (Agenda #3585), 6 days out.
[2026-08-07 03:33:00 PDT] Hold List: not due yet (6 days out, interval 3:00:00). Last checked 2026-08-07T02:42:20.961590-07:00.
[2026-08-07 03:33:00 PDT] Run complete.
[2026-08-07 04:25:27 PDT] Proceeding A2507016: not due yet (interval 3:00:00). Last checked 2026-08-07T02:42:20.961590-07:00.
[2026-08-07 04:25:27 PDT] Run start: target meeting 2026-08-13 (Agenda #3585), 6 days out.
[2026-08-07 04:25:27 PDT] Hold List: not due yet (6 days out, interval 3:00:00). Last checked 2026-08-07T02:42:20.961590-07:00.
[2026-08-07 04:25:27 PDT] Run complete.
[2026-08-07 05:06:03 PDT] Proceeding A2507016: not due yet (interval 3:00:00). Last checked 2026-08-07T02:42:20.961590-07:00.
[2026-08-07 05:06:03 PDT] Run start: target meeting 2026-08-13 (Agenda #3585), 6 days out.
[2026-08-07 05:06:03 PDT] Hold List: not due yet (6 days out, interval 3:00:00). Last checked 2026-08-07T02:42:20.961590-07:00.
[2026-08-07 05:06:03 PDT] Run complete.
[2026-08-07 06:32:36 PDT] Proceeding A2507016: checking Proposed Decisions list.
[2026-08-07 06:32:42 PDT] Proceeding A2507016: 20 PD list entries, 0 match the proceeding.
[2026-08-07 06:32:42 PDT] Run start: target meeting 2026-08-13 (Agenda #3585), 6 days out.
[2026-08-07 06:32:42 PDT] Hold List: checking (6 days out, interval 3:00:00).
[2026-08-07 06:32:58 PDT] Hold List: latest is 'Hold List for July 16, 2026 (Agenda 3584) (Final).docx'.
[2026-08-07 06:32:58 PDT] Hold List: does not match target 2026-08-13 (Agenda #3585) yet.
[2026-08-07 06:32:58 PDT] Run complete.
[2026-08-07 07:33:58 PDT] Proceeding A2507016: not due yet (interval 3:00:00). Last checked 2026-08-07T06:32:36.616193-07:00.
[2026-08-07 07:33:58 PDT] Run start: target meeting 2026-08-13 (Agenda #3585), 6 days out.
[2026-08-07 07:33:58 PDT] Hold List: not due yet (6 days out, interval 3:00:00). Last checked 2026-08-07T06:32:36.616193-07:00.
[2026-08-07 07:33:58 PDT] Run complete.
[2026-08-07 08:28:49 PDT] Proceeding A2507016: not due yet (interval 3:00:00). Last checked 2026-08-07T06:32:36.616193-07:00.
[2026-08-07 08:28:49 PDT] Run start: target meeting 2026-08-13 (Agenda #3585), 6 days out.
[2026-08-07 08:28:49 PDT] Hold List: not due yet (6 days out, interval 3:00:00). Last checked 2026-08-07T06:32:36.616193-07:00.
[2026-08-07 08:28:49 PDT] Run complete.
[2026-08-07 09:24:28 PDT] Proceeding A2507016: not due yet (interval 3:00:00). Last checked 2026-08-07T06:32:36.616193-07:00.
[2026-08-07 09:24:28 PDT] Run start: target meeting 2026-08-13 (Agenda #3585), 6 days out.
[2026-08-07 09:24:28 PDT] Hold List: not due yet (6 days out, interval 3:00:00). Last checked 2026-08-07T06:32:36.616193-07:00.
[2026-08-07 09:24:28 PDT] Run complete.
[2026-08-07 10:13:38 PDT] Proceeding A2507016: checking Proposed Decisions list.
[2026-08-07 10:13:43 PDT] Proceeding A2507016: 20 PD list entries, 0 match the proceeding.
[2026-08-07 10:13:43 PDT] Run start: target meeting 2026-08-13 (Agenda #3585), 6 days out.
[2026-08-07 10:13:43 PDT] Hold List: checking (6 days out, interval 3:00:00).
[2026-08-07 10:13:59 PDT] Hold List: latest is 'Hold List for July 16, 2026 (Agenda 3584) (Final).docx'.
[2026-08-07 10:13:59 PDT] Hold List: does not match target 2026-08-13 (Agenda #3585) yet.
[2026-08-07 10:13:59 PDT] Run complete.
[2026-08-07 11:01:53 PDT] Proceeding A2507016: not due yet (interval 3:00:00). Last checked 2026-08-07T10:13:38.571354-07:00.
[2026-08-07 11:01:53 PDT] Run start: target meeting 2026-08-13 (Agenda #3585), 6 days out.
[2026-08-07 11:01:53 PDT] Hold List: not due yet (6 days out, interval 3:00:00). Last checked 2026-08-07T10:13:38.571354-07:00.
[2026-08-07 11:01:53 PDT] Run complete.
[2026-08-07 12:07:47 PDT] Proceeding A2507016: not due yet (interval 3:00:00). Last checked 2026-08-07T10:13:38.571354-07:00.
[2026-08-07 12:07:47 PDT] Run start: target meeting 2026-08-13 (Agenda #3585), 6 days out.
[2026-08-07 12:07:47 PDT] Hold List: not due yet (6 days out, interval 3:00:00). Last checked 2026-08-07T10:13:38.571354-07:00.
[2026-08-07 12:07:47 PDT] Run complete.
[2026-08-07 12:56:23 PDT] Proceeding A2507016: not due yet (interval 3:00:00). Last checked 2026-08-07T10:13:38.571354-07:00.
[2026-08-07 12:56:23 PDT] Run start: target meeting 2026-08-13 (Agenda #3585), 6 days out.
[2026-08-07 12:56:23 PDT] Hold List: not due yet (6 days out, interval 3:00:00). Last checked 2026-08-07T10:13:38.571354-07:00.
[2026-08-07 12:56:23 PDT] Run complete.
[2026-08-07 13:35:36 PDT] Proceeding A2507016: checking Proposed Decisions list.
[2026-08-07 13:35:42 PDT] Proceeding A2507016: 20 PD list entries, 0 match the proceeding.
[2026-08-07 13:35:42 PDT] Run start: target meeting 2026-08-13 (Agenda #3585), 6 days out.
[2026-08-07 13:35:42 PDT] Hold List: checking (6 days out, interval 3:00:00).
[2026-08-07 13:35:57 PDT] Hold List: latest is 'Hold List for July 16, 2026 (Agenda 3584) (Final).docx'.
[2026-08-07 13:35:57 PDT] Hold List: does not match target 2026-08-13 (Agenda #3585) yet.
[2026-08-07 13:35:57 PDT] Run complete.
[2026-08-07 14:19:13 PDT] Proceeding A2507016: not due yet (interval 3:00:00). Last checked 2026-08-07T13:35:36.028236-07:00.
[2026-08-07 14:19:13 PDT] Run start: target meeting 2026-08-13 (Agenda #3585), 6 days out.
[2026-08-07 14:19:13 PDT] Hold List: not due yet (6 days out, interval 3:00:00). Last checked 2026-08-07T13:35:36.028236-07:00.
[2026-08-07 14:19:13 PDT] Run complete.
[2026-08-07 14:58:49 PDT] Proceeding A2507016: not due yet (interval 3:00:00). Last checked 2026-08-07T13:35:36.028236-07:00.
[2026-08-07 14:58:49 PDT] Run start: target meeting 2026-08-13 (Agenda #3585), 6 days out.
[2026-08-07 14:58:49 PDT] Hold List: not due yet (6 days out, interval 3:00:00). Last checked 2026-08-07T13:35:36.028236-07:00.
[2026-08-07 14:58:49 PDT] Run complete.
[2026-08-07 15:37:55 PDT] Proceeding A2507016: not due yet (interval 3:00:00). Last checked 2026-08-07T13:35:36.028236-07:00.
[2026-08-07 15:37:55 PDT] Run start: target meeting 2026-08-13 (Agenda #3585), 6 days out.
[2026-08-07 15:37:55 PDT] Hold List: not due yet (6 days out, interval 3:00:00). Last checked 2026-08-07T13:35:36.028236-07:00.
[2026-08-07 15:37:55 PDT] Run complete.
[2026-08-07 16:15:29 PDT] Proceeding A2507016: not due yet (interval 3:00:00). Last checked 2026-08-07T13:35:36.028236-07:00.
[2026-08-07 16:15:29 PDT] Run start: target meeting 2026-08-13 (Agenda #3585), 6 days out.
[2026-08-07 16:15:29 PDT] Hold List: not due yet (6 days out, interval 3:00:00). Last checked 2026-08-07T13:35:36.028236-07:00.
[2026-08-07 16:15:29 PDT] Run complete.
[2026-08-07 16:49:28 PDT] Proceeding A2507016: checking Proposed Decisions list.
[2026-08-07 16:49:34 PDT] Proceeding A2507016: 20 PD list entries, 0 match the proceeding.
[2026-08-07 16:49:34 PDT] Run start: target meeting 2026-08-13 (Agenda #3585), 6 days out.
[2026-08-07 16:49:34 PDT] Hold List: checking (6 days out, interval 3:00:00).
[2026-08-07 16:49:52 PDT] Hold List: latest is 'Hold List for July 16, 2026 (Agenda 3584) (Final).docx'.
[2026-08-07 16:49:52 PDT] Hold List: does not match target 2026-08-13 (Agenda #3585) yet.
[2026-08-07 16:49:52 PDT] Run complete.
[2026-08-07 17:34:38 PDT] Proceeding A2507016: not due yet (interval 3:00:00). Last checked 2026-08-07T16:49:28.118401-07:00.
[2026-08-07 17:34:38 PDT] Run start: target meeting 2026-08-13 (Agenda #3585), 6 days out.
[2026-08-07 17:34:38 PDT] Hold List: not due yet (6 days out, interval 3:00:00). Last checked 2026-08-07T16:49:28.118401-07:00.
[2026-08-07 17:34:38 PDT] Run complete.
[2026-08-07 19:31:29 PDT] Proceeding A2507016: not due yet (interval 3:00:00). Last checked 2026-08-07T16:49:28.118401-07:00.
[2026-08-07 19:31:29 PDT] Run start: target meeting 2026-08-13 (Agenda #3585), 6 days out.
[2026-08-07 19:31:29 PDT] Hold List: not due yet (6 days out, interval 3:00:00). Last checked 2026-08-07T16:49:28.118401-07:00.
[2026-08-07 19:31:29 PDT] Run complete.
[2026-08-07 20:51:54 PDT] Proceeding A2507016: checking Proposed Decisions list.
[2026-08-07 20:51:56 PDT] Proceeding A2507016: 20 PD list entries, 0 match the proceeding.
[2026-08-07 20:51:56 PDT] Run start: target meeting 2026-08-13 (Agenda #3585), 6 days out.
[2026-08-07 20:51:56 PDT] Hold List: checking (6 days out, interval 3:00:00).
[2026-08-07 20:52:12 PDT] Hold List: latest is 'Hold List for July 16, 2026 (Agenda 3584) (Final).docx'.
[2026-08-07 20:52:12 PDT] Hold List: does not match target 2026-08-13 (Agenda #3585) yet.
[2026-08-07 20:52:12 PDT] Run complete.
[2026-08-07 21:42:46 PDT] Proceeding A2507016: not due yet (interval 3:00:00). Last checked 2026-08-07T20:51:54.490056-07:00.
[2026-08-07 21:42:46 PDT] Run start: target meeting 2026-08-13 (Agenda #3585), 6 days out.
[2026-08-07 21:42:46 PDT] Hold List: not due yet (6 days out, interval 3:00:00). Last checked 2026-08-07T20:51:54.490056-07:00.
[2026-08-07 21:42:46 PDT] Run complete.
[2026-08-07 22:26:26 PDT] Proceeding A2507016: not due yet (interval 3:00:00). Last checked 2026-08-07T20:51:54.490056-07:00.
[2026-08-07 22:26:26 PDT] Run start: target meeting 2026-08-13 (Agenda #3585), 6 days out.
[2026-08-07 22:26:26 PDT] Hold List: not due yet (6 days out, interval 3:00:00). Last checked 2026-08-07T20:51:54.490056-07:00.
[2026-08-07 22:26:26 PDT] Run complete.
[2026-08-07 23:04:24 PDT] Proceeding A2507016: not due yet (interval 3:00:00). Last checked 2026-08-07T20:51:54.490056-07:00.
[2026-08-07 23:04:24 PDT] Run start: target meeting 2026-08-13 (Agenda #3585), 6 days out.
[2026-08-07 23:04:24 PDT] Hold List: not due yet (6 days out, interval 3:00:00). Last checked 2026-08-07T20:51:54.490056-07:00.
[2026-08-07 23:04:24 PDT] Run complete.
[2026-08-08 00:08:36 PDT] Proceeding A2507016: checking Proposed Decisions list.
[2026-08-08 00:08:41 PDT] Proceeding A2507016: 20 PD list entries, 0 match the proceeding.
[2026-08-08 00:08:41 PDT] Run start: target meeting 2026-08-13 (Agenda #3585), 5 days out.
[2026-08-08 00:08:41 PDT] Hold List: checking (5 days out, interval 3:00:00).
[2026-08-08 00:08:52 PDT] Hold List: latest is 'Hold List for July 16, 2026 (Agenda 3584) (Final).docx'.
[2026-08-08 00:08:52 PDT] Hold List: does not match target 2026-08-13 (Agenda #3585) yet.
[2026-08-08 00:08:52 PDT] Run complete.
[2026-08-08 00:56:34 PDT] Proceeding A2507016: not due yet (interval 3:00:00). Last checked 2026-08-08T00:08:36.028839-07:00.
[2026-08-08 00:56:34 PDT] Run start: target meeting 2026-08-13 (Agenda #3585), 5 days out.
[2026-08-08 00:56:34 PDT] Hold List: not due yet (5 days out, interval 3:00:00). Last checked 2026-08-08T00:08:36.028839-07:00.
[2026-08-08 00:56:34 PDT] Run complete.
[2026-08-08 01:35:36 PDT] Proceeding A2507016: not due yet (interval 3:00:00). Last checked 2026-08-08T00:08:36.028839-07:00.
[2026-08-08 01:35:36 PDT] Run start: target meeting 2026-08-13 (Agenda #3585), 5 days out.
[2026-08-08 01:35:36 PDT] Hold List: not due yet (5 days out, interval 3:00:00). Last checked 2026-08-08T00:08:36.028839-07:00.
[2026-08-08 01:35:36 PDT] Run complete.
[2026-08-08 02:19:19 PDT] Proceeding A2507016: not due yet (interval 3:00:00). Last checked 2026-08-08T00:08:36.028839-07:00.
[2026-08-08 02:19:19 PDT] Run start: target meeting 2026-08-13 (Agenda #3585), 5 days out.
[2026-08-08 02:19:19 PDT] Hold List: not due yet (5 days out, interval 3:00:00). Last checked 2026-08-08T00:08:36.028839-07:00.
[2026-08-08 02:19:19 PDT] Run complete.
[2026-08-08 02:57:20 PDT] Proceeding A2507016: not due yet (interval 3:00:00). Last checked 2026-08-08T00:08:36.028839-07:00.
[2026-08-08 02:57:20 PDT] Run start: target meeting 2026-08-13 (Agenda #3585), 5 days out.
[2026-08-08 02:57:20 PDT] Hold List: not due yet (5 days out, interval 3:00:00). Last checked 2026-08-08T00:08:36.028839-07:00.
[2026-08-08 02:57:20 PDT] Run complete.
[2026-08-08 03:30:48 PDT] Proceeding A2507016: checking Proposed Decisions list.
[2026-08-08 03:30:54 PDT] Proceeding A2507016: 20 PD list entries, 0 match the proceeding.
[2026-08-08 03:30:54 PDT] Run start: target meeting 2026-08-13 (Agenda #3585), 5 days out.
[2026-08-08 03:30:54 PDT] Hold List: checking (5 days out, interval 3:00:00).
[2026-08-08 03:31:11 PDT] Hold List: latest is 'Hold List for July 16, 2026 (Agenda 3584) (Final).docx'.
[2026-08-08 03:31:11 PDT] Hold List: does not match target 2026-08-13 (Agenda #3585) yet.
[2026-08-08 03:31:11 PDT] Run complete.
[2026-08-08 04:02:14 PDT] Proceeding A2507016: not due yet (interval 3:00:00). Last checked 2026-08-08T03:30:48.235755-07:00.
[2026-08-08 04:02:14 PDT] Run start: target meeting 2026-08-13 (Agenda #3585), 5 days out.
[2026-08-08 04:02:14 PDT] Hold List: not due yet (5 days out, interval 3:00:00). Last checked 2026-08-08T03:30:48.235755-07:00.
[2026-08-08 04:02:14 PDT] Run complete.
[2026-08-08 04:36:37 PDT] Proceeding A2507016: not due yet (interval 3:00:00). Last checked 2026-08-08T03:30:48.235755-07:00.
[2026-08-08 04:36:37 PDT] Run start: target meeting 2026-08-13 (Agenda #3585), 5 days out.
[2026-08-08 04:36:37 PDT] Hold List: not due yet (5 days out, interval 3:00:00). Last checked 2026-08-08T03:30:48.235755-07:00.
[2026-08-08 04:36:37 PDT] Run complete.
[2026-08-08 04:58:18 PDT] Proceeding A2507016: not due yet (interval 3:00:00). Last checked 2026-08-08T03:30:48.235755-07:00.
[2026-08-08 04:58:18 PDT] Run start: target meeting 2026-08-13 (Agenda #3585), 5 days out.
[2026-08-08 04:58:18 PDT] Hold List: not due yet (5 days out, interval 3:00:00). Last checked 2026-08-08T03:30:48.235755-07:00.
[2026-08-08 04:58:18 PDT] Run complete.
[2026-08-08 05:49:18 PDT] Proceeding A2507016: not due yet (interval 3:00:00). Last checked 2026-08-08T03:30:48.235755-07:00.
[2026-08-08 05:49:18 PDT] Run start: target meeting 2026-08-13 (Agenda #3585), 5 days out.
[2026-08-08 05:49:18 PDT] Hold List: not due yet (5 days out, interval 3:00:00). Last checked 2026-08-08T03:30:48.235755-07:00.
[2026-08-08 05:49:18 PDT] Run complete.
[2026-08-08 06:34:50 PDT] Proceeding A2507016: checking Proposed Decisions list.
[2026-08-08 06:34:51 PDT] Proceeding A2507016: 20 PD list entries, 0 match the proceeding.
[2026-08-08 06:34:51 PDT] Run start: target meeting 2026-08-13 (Agenda #3585), 5 days out.
[2026-08-08 06:34:51 PDT] Hold List: checking (5 days out, interval 3:00:00).
[2026-08-08 06:35:02 PDT] Hold List: latest is 'Hold List for July 16, 2026 (Agenda 3584) (Final).docx'.
[2026-08-08 06:35:02 PDT] Hold List: does not match target 2026-08-13 (Agenda #3585) yet.
[2026-08-08 06:35:02 PDT] Run complete.
[2026-08-08 07:09:28 PDT] Proceeding A2507016: not due yet (interval 3:00:00). Last checked 2026-08-08T06:34:50.174141-07:00.
[2026-08-08 07:09:28 PDT] Run start: target meeting 2026-08-13 (Agenda #3585), 5 days out.
[2026-08-08 07:09:28 PDT] Hold List: not due yet (5 days out, interval 3:00:00). Last checked 2026-08-08T06:34:50.174141-07:00.
[2026-08-08 07:09:28 PDT] Run complete.
[2026-08-08 07:47:31 PDT] Proceeding A2507016: not due yet (interval 3:00:00). Last checked 2026-08-08T06:34:50.174141-07:00.
[2026-08-08 07:47:31 PDT] Run start: target meeting 2026-08-13 (Agenda #3585), 5 days out.
[2026-08-08 07:47:31 PDT] Hold List: not due yet (5 days out, interval 3:00:00). Last checked 2026-08-08T06:34:50.174141-07:00.
[2026-08-08 07:47:31 PDT] Run complete.
[2026-08-08 08:12:41 PDT] Proceeding A2507016: not due yet (interval 3:00:00). Last checked 2026-08-08T06:34:50.174141-07:00.
[2026-08-08 08:12:41 PDT] Run start: target meeting 2026-08-13 (Agenda #3585), 5 days out.
[2026-08-08 08:12:41 PDT] Hold List: not due yet (5 days out, interval 3:00:00). Last checked 2026-08-08T06:34:50.174141-07:00.
[2026-08-08 08:12:41 PDT] Run complete.
[2026-08-08 08:45:03 PDT] Proceeding A2507016: not due yet (interval 3:00:00). Last checked 2026-08-08T06:34:50.174141-07:00.
[2026-08-08 08:45:03 PDT] Run start: target meeting 2026-08-13 (Agenda #3585), 5 days out.
[2026-08-08 08:45:03 PDT] Hold List: not due yet (5 days out, interval 3:00:00). Last checked 2026-08-08T06:34:50.174141-07:00.
[2026-08-08 08:45:03 PDT] Run complete.
[2026-08-08 09:04:58 PDT] Proceeding A2507016: not due yet (interval 3:00:00). Last checked 2026-08-08T06:34:50.174141-07:00.
[2026-08-08 09:04:58 PDT] Run start: target meeting 2026-08-13 (Agenda #3585), 5 days out.
[2026-08-08 09:04:58 PDT] Hold List: not due yet (5 days out, interval 3:00:00). Last checked 2026-08-08T06:34:50.174141-07:00.
[2026-08-08 09:04:58 PDT] Run complete.
[2026-08-08 09:48:02 PDT] Proceeding A2507016: checking Proposed Decisions list.
[2026-08-08 09:48:03 PDT] Proceeding A2507016: 20 PD list entries, 0 match the proceeding.
[2026-08-08 09:48:03 PDT] Run start: target meeting 2026-08-13 (Agenda #3585), 5 days out.
[2026-08-08 09:48:03 PDT] Hold List: checking (5 days out, interval 3:00:00).
[2026-08-08 09:48:14 PDT] Hold List: latest is 'Hold List for July 16, 2026 (Agenda 3584) (Final).docx'.
[2026-08-08 09:48:14 PDT] Hold List: does not match target 2026-08-13 (Agenda #3585) yet.
[2026-08-08 09:48:14 PDT] Run complete.
[2026-08-08 10:15:03 PDT] Proceeding A2507016: not due yet (interval 3:00:00). Last checked 2026-08-08T09:48:02.634908-07:00.
[2026-08-08 10:15:03 PDT] Run start: target meeting 2026-08-13 (Agenda #3585), 5 days out.
[2026-08-08 10:15:03 PDT] Hold List: not due yet (5 days out, interval 3:00:00). Last checked 2026-08-08T09:48:02.634908-07:00.
[2026-08-08 10:15:03 PDT] Run complete.
[2026-08-08 10:47:02 PDT] Proceeding A2507016: not due yet (interval 3:00:00). Last checked 2026-08-08T09:48:02.634908-07:00.
[2026-08-08 10:47:02 PDT] Run start: target meeting 2026-08-13 (Agenda #3585), 5 days out.
[2026-08-08 10:47:02 PDT] Hold List: not due yet (5 days out, interval 3:00:00). Last checked 2026-08-08T09:48:02.634908-07:00.
[2026-08-08 10:47:02 PDT] Run complete.
[2026-08-08 11:13:59 PDT] Proceeding A2507016: not due yet (interval 3:00:00). Last checked 2026-08-08T09:48:02.634908-07:00.
[2026-08-08 11:13:59 PDT] Run start: target meeting 2026-08-13 (Agenda #3585), 5 days out.
[2026-08-08 11:13:59 PDT] Hold List: not due yet (5 days out, interval 3:00:00). Last checked 2026-08-08T09:48:02.634908-07:00.
[2026-08-08 11:13:59 PDT] Run complete.
[2026-08-08 11:59:26 PDT] Proceeding A2507016: not due yet (interval 3:00:00). Last checked 2026-08-08T09:48:02.634908-07:00.
[2026-08-08 11:59:26 PDT] Run start: target meeting 2026-08-13 (Agenda #3585), 5 days out.
[2026-08-08 11:59:26 PDT] Hold List: not due yet (5 days out, interval 3:00:00). Last checked 2026-08-08T09:48:02.634908-07:00.
[2026-08-08 11:59:26 PDT] Run complete.
[2026-08-08 12:33:14 PDT] Proceeding A2507016: not due yet (interval 3:00:00). Last checked 2026-08-08T09:48:02.634908-07:00.
[2026-08-08 12:33:14 PDT] Run start: target meeting 2026-08-13 (Agenda #3585), 5 days out.
[2026-08-08 12:33:14 PDT] Hold List: not due yet (5 days out, interval 3:00:00). Last checked 2026-08-08T09:48:02.634908-07:00.
[2026-08-08 12:33:14 PDT] Run complete.
[2026-08-08 12:57:28 PDT] Proceeding A2507016: checking Proposed Decisions list.
[2026-08-08 12:57:33 PDT] Proceeding A2507016: 20 PD list entries, 0 match the proceeding.
[2026-08-08 12:57:33 PDT] Run start: target meeting 2026-08-13 (Agenda #3585), 5 days out.
[2026-08-08 12:57:33 PDT] Hold List: checking (5 days out, interval 3:00:00).
[2026-08-08 12:57:46 PDT] Hold List: latest is 'Hold List for July 16, 2026 (Agenda 3584) (Final).docx'.
[2026-08-08 12:57:46 PDT] Hold List: does not match target 2026-08-13 (Agenda #3585) yet.
[2026-08-08 12:57:46 PDT] Run complete.
[2026-08-08 13:27:51 PDT] Proceeding A2507016: not due yet (interval 3:00:00). Last checked 2026-08-08T12:57:28.088912-07:00.
[2026-08-08 13:27:51 PDT] Run start: target meeting 2026-08-13 (Agenda #3585), 5 days out.
[2026-08-08 13:27:51 PDT] Hold List: not due yet (5 days out, interval 3:00:00). Last checked 2026-08-08T12:57:28.088912-07:00.
[2026-08-08 13:27:51 PDT] Run complete.
[2026-08-08 13:58:30 PDT] Proceeding A2507016: not due yet (interval 3:00:00). Last checked 2026-08-08T12:57:28.088912-07:00.
[2026-08-08 13:58:30 PDT] Run start: target meeting 2026-08-13 (Agenda #3585), 5 days out.
[2026-08-08 13:58:30 PDT] Hold List: not due yet (5 days out, interval 3:00:00). Last checked 2026-08-08T12:57:28.088912-07:00.
[2026-08-08 13:58:30 PDT] Run complete.
[2026-08-08 14:31:02 PDT] Proceeding A2507016: not due yet (interval 3:00:00). Last checked 2026-08-08T12:57:28.088912-07:00.
[2026-08-08 14:31:02 PDT] Run start: target meeting 2026-08-13 (Agenda #3585), 5 days out.
[2026-08-08 14:31:02 PDT] Hold List: not due yet (5 days out, interval 3:00:00). Last checked 2026-08-08T12:57:28.088912-07:00.
[2026-08-08 14:31:02 PDT] Run complete.
[2026-08-08 14:57:18 PDT] Proceeding A2507016: not due yet (interval 3:00:00). Last checked 2026-08-08T12:57:28.088912-07:00.
[2026-08-08 14:57:18 PDT] Run start: target meeting 2026-08-13 (Agenda #3585), 5 days out.
[2026-08-08 14:57:18 PDT] Hold List: not due yet (5 days out, interval 3:00:00). Last checked 2026-08-08T12:57:28.088912-07:00.
[2026-08-08 14:57:18 PDT] Run complete.
[2026-08-08 15:27:06 PDT] Proceeding A2507016: not due yet (interval 3:00:00). Last checked 2026-08-08T12:57:28.088912-07:00.
[2026-08-08 15:27:06 PDT] Run start: target meeting 2026-08-13 (Agenda #3585), 5 days out.
[2026-08-08 15:27:06 PDT] Hold List: not due yet (5 days out, interval 3:00:00). Last checked 2026-08-08T12:57:28.088912-07:00.
[2026-08-08 15:27:06 PDT] Run complete.
[2026-08-08 15:57:01 PDT] Proceeding A2507016: not due yet (interval 3:00:00). Last checked 2026-08-08T12:57:28.088912-07:00.
[2026-08-08 15:57:01 PDT] Run start: target meeting 2026-08-13 (Agenda #3585), 5 days out.
[2026-08-08 15:57:01 PDT] Hold List: not due yet (5 days out, interval 3:00:00). Last checked 2026-08-08T12:57:28.088912-07:00.
[2026-08-08 15:57:01 PDT] Run complete.
[2026-08-08 16:25:15 PDT] Proceeding A2507016: checking Proposed Decisions list.
[2026-08-08 16:25:22 PDT] Proceeding A2507016: 20 PD list entries, 0 match the proceeding.
[2026-08-08 16:25:22 PDT] Run start: target meeting 2026-08-13 (Agenda #3585), 5 days out.
[2026-08-08 16:25:22 PDT] Hold List: checking (5 days out, interval 3:00:00).
[2026-08-08 16:25:37 PDT] Hold List: latest is 'Hold List for July 16, 2026 (Agenda 3584) (Final).docx'.
[2026-08-08 16:25:37 PDT] Hold List: does not match target 2026-08-13 (Agenda #3585) yet.
[2026-08-08 16:25:37 PDT] Run complete.
[2026-08-08 16:52:17 PDT] Proceeding A2507016: not due yet (interval 3:00:00). Last checked 2026-08-08T16:25:15.730654-07:00.
[2026-08-08 16:52:17 PDT] Run start: target meeting 2026-08-13 (Agenda #3585), 5 days out.
[2026-08-08 16:52:17 PDT] Hold List: not due yet (5 days out, interval 3:00:00). Last checked 2026-08-08T16:25:15.730654-07:00.
[2026-08-08 16:52:17 PDT] Run complete.
[2026-08-08 17:37:42 PDT] Proceeding A2507016: not due yet (interval 3:00:00). Last checked 2026-08-08T16:25:15.730654-07:00.
[2026-08-08 17:37:42 PDT] Run start: target meeting 2026-08-13 (Agenda #3585), 5 days out.
[2026-08-08 17:37:42 PDT] Hold List: not due yet (5 days out, interval 3:00:00). Last checked 2026-08-08T16:25:15.730654-07:00.
[2026-08-08 17:37:42 PDT] Run complete.
[2026-08-08 19:48:49 PDT] Proceeding A2507016: checking Proposed Decisions list.
[2026-08-08 19:48:54 PDT] Proceeding A2507016: 20 PD list entries, 0 match the proceeding.
[2026-08-08 19:48:54 PDT] Run start: target meeting 2026-08-13 (Agenda #3585), 5 days out.
[2026-08-08 19:48:54 PDT] Hold List: checking (5 days out, interval 3:00:00).
[2026-08-08 19:49:05 PDT] Hold List: latest is 'Hold List for July 16, 2026 (Agenda 3584) (Final).docx'.
[2026-08-08 19:49:05 PDT] Hold List: does not match target 2026-08-13 (Agenda #3585) yet.
[2026-08-08 19:49:05 PDT] Run complete.
[2026-08-08 21:04:52 PDT] Proceeding A2507016: not due yet (interval 3:00:00). Last checked 2026-08-08T19:48:49.692013-07:00.
[2026-08-08 21:04:52 PDT] Run start: target meeting 2026-08-13 (Agenda #3585), 5 days out.
[2026-08-08 21:04:52 PDT] Hold List: not due yet (5 days out, interval 3:00:00). Last checked 2026-08-08T19:48:49.692013-07:00.
[2026-08-08 21:04:52 PDT] Run complete.
[2026-08-08 22:14:12 PDT] Proceeding A2507016: not due yet (interval 3:00:00). Last checked 2026-08-08T19:48:49.692013-07:00.
[2026-08-08 22:14:12 PDT] Run start: target meeting 2026-08-13 (Agenda #3585), 5 days out.
[2026-08-08 22:14:12 PDT] Hold List: not due yet (5 days out, interval 3:00:00). Last checked 2026-08-08T19:48:49.692013-07:00.
[2026-08-08 22:14:12 PDT] Run complete.
[2026-08-08 22:58:23 PDT] Proceeding A2507016: checking Proposed Decisions list.
[2026-08-08 22:58:28 PDT] Proceeding A2507016: 20 PD list entries, 0 match the proceeding.
[2026-08-08 22:58:28 PDT] Run start: target meeting 2026-08-13 (Agenda #3585), 5 days out.
[2026-08-08 22:58:28 PDT] Hold List: checking (5 days out, interval 3:00:00).
[2026-08-08 22:58:43 PDT] Hold List: latest is 'Hold List for July 16, 2026 (Agenda 3584) (Final).docx'.
[2026-08-08 22:58:43 PDT] Hold List: does not match target 2026-08-13 (Agenda #3585) yet.
[2026-08-08 22:58:43 PDT] Run complete.
[2026-08-08 23:57:38 PDT] Proceeding A2507016: not due yet (interval 3:00:00). Last checked 2026-08-08T22:58:23.657325-07:00.
[2026-08-08 23:57:38 PDT] Run start: target meeting 2026-08-13 (Agenda #3585), 5 days out.
[2026-08-08 23:57:38 PDT] Hold List: not due yet (5 days out, interval 3:00:00). Last checked 2026-08-08T22:58:23.657325-07:00.
[2026-08-08 23:57:38 PDT] Run complete.
[2026-08-09 00:53:01 PDT] Proceeding A2507016: not due yet (interval 3:00:00). Last checked 2026-08-08T22:58:23.657325-07:00.
[2026-08-09 00:53:01 PDT] Run start: target meeting 2026-08-13 (Agenda #3585), 4 days out.
[2026-08-09 00:53:01 PDT] Hold List: not due yet (4 days out, interval 3:00:00). Last checked 2026-08-08T22:58:23.657325-07:00.
[2026-08-09 00:53:01 PDT] Run complete.
[2026-08-09 01:26:12 PDT] Proceeding A2507016: not due yet (interval 3:00:00). Last checked 2026-08-08T22:58:23.657325-07:00.
[2026-08-09 01:26:12 PDT] Run start: target meeting 2026-08-13 (Agenda #3585), 4 days out.
[2026-08-09 01:26:12 PDT] Hold List: not due yet (4 days out, interval 3:00:00). Last checked 2026-08-08T22:58:23.657325-07:00.
[2026-08-09 01:26:12 PDT] Run complete.
[2026-08-09 02:10:09 PDT] Proceeding A2507016: checking Proposed Decisions list.
[2026-08-09 02:10:14 PDT] Proceeding A2507016: 20 PD list entries, 0 match the proceeding.
[2026-08-09 02:10:14 PDT] Run start: target meeting 2026-08-13 (Agenda #3585), 4 days out.
[2026-08-09 02:10:14 PDT] Hold List: checking (4 days out, interval 3:00:00).
[2026-08-09 02:10:25 PDT] Hold List: latest is 'Hold List for July 16, 2026 (Agenda 3584) (Final).docx'.
[2026-08-09 02:10:25 PDT] Hold List: does not match target 2026-08-13 (Agenda #3585) yet.
[2026-08-09 02:10:25 PDT] Run complete.
[2026-08-09 02:54:10 PDT] Proceeding A2507016: not due yet (interval 3:00:00). Last checked 2026-08-09T02:10:09.704784-07:00.
[2026-08-09 02:54:10 PDT] Run start: target meeting 2026-08-13 (Agenda #3585), 4 days out.
[2026-08-09 02:54:10 PDT] Hold List: not due yet (4 days out, interval 3:00:00). Last checked 2026-08-09T02:10:09.704784-07:00.
[2026-08-09 02:54:10 PDT] Run complete.
[2026-08-09 03:22:06 PDT] Proceeding A2507016: not due yet (interval 3:00:00). Last checked 2026-08-09T02:10:09.704784-07:00.
[2026-08-09 03:22:06 PDT] Run start: target meeting 2026-08-13 (Agenda #3585), 4 days out.
[2026-08-09 03:22:06 PDT] Hold List: not due yet (4 days out, interval 3:00:00). Last checked 2026-08-09T02:10:09.704784-07:00.
[2026-08-09 03:22:06 PDT] Run complete.
[2026-08-09 03:57:35 PDT] Proceeding A2507016: not due yet (interval 3:00:00). Last checked 2026-08-09T02:10:09.704784-07:00.
[2026-08-09 03:57:35 PDT] Run start: target meeting 2026-08-13 (Agenda #3585), 4 days out.
[2026-08-09 03:57:35 PDT] Hold List: not due yet (4 days out, interval 3:00:00). Last checked 2026-08-09T02:10:09.704784-07:00.
[2026-08-09 03:57:35 PDT] Run complete.
[2026-08-09 04:27:13 PDT] Proceeding A2507016: not due yet (interval 3:00:00). Last checked 2026-08-09T02:10:09.704784-07:00.
[2026-08-09 04:27:13 PDT] Run start: target meeting 2026-08-13 (Agenda #3585), 4 days out.
[2026-08-09 04:27:13 PDT] Hold List: not due yet (4 days out, interval 3:00:00). Last checked 2026-08-09T02:10:09.704784-07:00.
[2026-08-09 04:27:13 PDT] Run complete.
[2026-08-09 04:54:50 PDT] Proceeding A2507016: not due yet (interval 3:00:00). Last checked 2026-08-09T02:10:09.704784-07:00.
[2026-08-09 04:54:50 PDT] Run start: target meeting 2026-08-13 (Agenda #3585), 4 days out.
[2026-08-09 04:54:50 PDT] Hold List: not due yet (4 days out, interval 3:00:00). Last checked 2026-08-09T02:10:09.704784-07:00.
[2026-08-09 04:54:50 PDT] Run complete.
[2026-08-09 05:31:41 PDT] Proceeding A2507016: checking Proposed Decisions list.
[2026-08-09 05:31:47 PDT] Proceeding A2507016: 20 PD list entries, 0 match the proceeding.
[2026-08-09 05:31:47 PDT] Run start: target meeting 2026-08-13 (Agenda #3585), 4 days out.
[2026-08-09 05:31:47 PDT] Hold List: checking (4 days out, interval 3:00:00).
[2026-08-09 05:32:02 PDT] Hold List: latest is 'Hold List for July 16, 2026 (Agenda 3584) (Final).docx'.
[2026-08-09 05:32:02 PDT] Hold List: does not match target 2026-08-13 (Agenda #3585) yet.
[2026-08-09 05:32:02 PDT] Run complete.
[2026-08-09 06:32:19 PDT] Proceeding A2507016: not due yet (interval 3:00:00). Last checked 2026-08-09T05:31:41.503078-07:00.
[2026-08-09 06:32:19 PDT] Run start: target meeting 2026-08-13 (Agenda #3585), 4 days out.
[2026-08-09 06:32:19 PDT] Hold List: not due yet (4 days out, interval 3:00:00). Last checked 2026-08-09T05:31:41.503078-07:00.
[2026-08-09 06:32:19 PDT] Run complete.
[2026-08-09 07:09:46 PDT] Proceeding A2507016: not due yet (interval 3:00:00). Last checked 2026-08-09T05:31:41.503078-07:00.
[2026-08-09 07:09:46 PDT] Run start: target meeting 2026-08-13 (Agenda #3585), 4 days out.
[2026-08-09 07:09:46 PDT] Hold List: not due yet (4 days out, interval 3:00:00). Last checked 2026-08-09T05:31:41.503078-07:00.
[2026-08-09 07:09:46 PDT] Run complete.
[2026-08-09 07:50:21 PDT] Proceeding A2507016: not due yet (interval 3:00:00). Last checked 2026-08-09T05:31:41.503078-07:00.
[2026-08-09 07:50:21 PDT] Run start: target meeting 2026-08-13 (Agenda #3585), 4 days out.
[2026-08-09 07:50:21 PDT] Hold List: not due yet (4 days out, interval 3:00:00). Last checked 2026-08-09T05:31:41.503078-07:00.
[2026-08-09 07:50:21 PDT] Run complete.
[2026-08-09 08:15:49 PDT] Proceeding A2507016: not due yet (interval 3:00:00). Last checked 2026-08-09T05:31:41.503078-07:00.
[2026-08-09 08:15:49 PDT] Run start: target meeting 2026-08-13 (Agenda #3585), 4 days out.
[2026-08-09 08:15:49 PDT] Hold List: not due yet (4 days out, interval 3:00:00). Last checked 2026-08-09T05:31:41.503078-07:00.
[2026-08-09 08:15:49 PDT] Run complete.
[2026-08-09 08:48:45 PDT] Proceeding A2507016: checking Proposed Decisions list.
[2026-08-09 08:48:50 PDT] Proceeding A2507016: 20 PD list entries, 0 match the proceeding.
[2026-08-09 08:48:50 PDT] Run start: target meeting 2026-08-13 (Agenda #3585), 4 days out.
[2026-08-09 08:48:50 PDT] Hold List: checking (4 days out, interval 3:00:00).
[2026-08-09 08:49:03 PDT] Hold List: latest is 'Hold List for July 16, 2026 (Agenda 3584) (Final).docx'.
[2026-08-09 08:49:03 PDT] Hold List: does not match target 2026-08-13 (Agenda #3585) yet.
[2026-08-09 08:49:03 PDT] Run complete.
[2026-08-09 09:15:24 PDT] Proceeding A2507016: not due yet (interval 3:00:00). Last checked 2026-08-09T08:48:45.212809-07:00.
[2026-08-09 09:15:24 PDT] Run start: target meeting 2026-08-13 (Agenda #3585), 4 days out.
[2026-08-09 09:15:24 PDT] Hold List: not due yet (4 days out, interval 3:00:00). Last checked 2026-08-09T08:48:45.212809-07:00.
[2026-08-09 09:15:24 PDT] Run complete.
[2026-08-09 09:56:06 PDT] Proceeding A2507016: not due yet (interval 3:00:00). Last checked 2026-08-09T08:48:45.212809-07:00.
[2026-08-09 09:56:06 PDT] Run start: target meeting 2026-08-13 (Agenda #3585), 4 days out.
[2026-08-09 09:56:06 PDT] Hold List: not due yet (4 days out, interval 3:00:00). Last checked 2026-08-09T08:48:45.212809-07:00.
[2026-08-09 09:56:06 PDT] Run complete.
[2026-08-09 10:25:36 PDT] Proceeding A2507016: not due yet (interval 3:00:00). Last checked 2026-08-09T08:48:45.212809-07:00.
[2026-08-09 10:25:36 PDT] Run start: target meeting 2026-08-13 (Agenda #3585), 4 days out.
[2026-08-09 10:25:36 PDT] Hold List: not due yet (4 days out, interval 3:00:00). Last checked 2026-08-09T08:48:45.212809-07:00.
[2026-08-09 10:25:36 PDT] Run complete.
[2026-08-09 10:56:42 PDT] Proceeding A2507016: not due yet (interval 3:00:00). Last checked 2026-08-09T08:48:45.212809-07:00.
[2026-08-09 10:56:42 PDT] Run start: target meeting 2026-08-13 (Agenda #3585), 4 days out.
[2026-08-09 10:56:42 PDT] Hold List: not due yet (4 days out, interval 3:00:00). Last checked 2026-08-09T08:48:45.212809-07:00.
[2026-08-09 10:56:42 PDT] Run complete.
[2026-08-09 11:35:02 PDT] Proceeding A2507016: not due yet (interval 3:00:00). Last checked 2026-08-09T08:48:45.212809-07:00.
[2026-08-09 11:35:02 PDT] Run start: target meeting 2026-08-13 (Agenda #3585), 4 days out.
[2026-08-09 11:35:02 PDT] Hold List: not due yet (4 days out, interval 3:00:00). Last checked 2026-08-09T08:48:45.212809-07:00.
[2026-08-09 11:35:02 PDT] Run complete.
[2026-08-09 12:17:20 PDT] Proceeding A2507016: checking Proposed Decisions list.
[2026-08-09 12:17:22 PDT] Proceeding A2507016: 20 PD list entries, 0 match the proceeding.
[2026-08-09 12:17:22 PDT] Run start: target meeting 2026-08-13 (Agenda #3585), 4 days out.
[2026-08-09 12:17:22 PDT] Hold List: checking (4 days out, interval 3:00:00).
[2026-08-09 12:17:37 PDT] Hold List: latest is 'Hold List for July 16, 2026 (Agenda 3584) (Final).docx'.
[2026-08-09 12:17:37 PDT] Hold List: does not match target 2026-08-13 (Agenda #3585) yet.
[2026-08-09 12:17:38 PDT] Run complete.
[2026-08-09 12:50:33 PDT] Proceeding A2507016: not due yet (interval 3:00:00). Last checked 2026-08-09T12:17:20.758358-07:00.
[2026-08-09 12:50:33 PDT] Run start: target meeting 2026-08-13 (Agenda #3585), 4 days out.
[2026-08-09 12:50:33 PDT] Hold List: not due yet (4 days out, interval 3:00:00). Last checked 2026-08-09T12:17:20.758358-07:00.
[2026-08-09 12:50:33 PDT] Run complete.
[2026-08-09 13:14:29 PDT] Proceeding A2507016: not due yet (interval 3:00:00). Last checked 2026-08-09T12:17:20.758358-07:00.
[2026-08-09 13:14:29 PDT] Run start: target meeting 2026-08-13 (Agenda #3585), 4 days out.
[2026-08-09 13:14:29 PDT] Hold List: not due yet (4 days out, interval 3:00:00). Last checked 2026-08-09T12:17:20.758358-07:00.
[2026-08-09 13:14:29 PDT] Run complete.
[2026-08-09 13:52:44 PDT] Proceeding A2507016: not due yet (interval 3:00:00). Last checked 2026-08-09T12:17:20.758358-07:00.
[2026-08-09 13:52:44 PDT] Run start: target meeting 2026-08-13 (Agenda #3585), 4 days out.
[2026-08-09 13:52:44 PDT] Hold List: not due yet (4 days out, interval 3:00:00). Last checked 2026-08-09T12:17:20.758358-07:00.
[2026-08-09 13:52:44 PDT] Run complete.
[2026-08-09 14:17:58 PDT] Proceeding A2507016: not due yet (interval 3:00:00). Last checked 2026-08-09T12:17:20.758358-07:00.
[2026-08-09 14:17:58 PDT] Run start: target meeting 2026-08-13 (Agenda #3585), 4 days out.
[2026-08-09 14:17:58 PDT] Hold List: not due yet (4 days out, interval 3:00:00). Last checked 2026-08-09T12:17:20.758358-07:00.
[2026-08-09 14:17:58 PDT] Run complete.
[2026-08-09 14:51:19 PDT] Proceeding A2507016: not due yet (interval 3:00:00). Last checked 2026-08-09T12:17:20.758358-07:00.
[2026-08-09 14:51:19 PDT] Run start: target meeting 2026-08-13 (Agenda #3585), 4 days out.
[2026-08-09 14:51:19 PDT] Hold List: not due yet (4 days out, interval 3:00:00). Last checked 2026-08-09T12:17:20.758358-07:00.
[2026-08-09 14:51:19 PDT] Run complete.
[2026-08-09 15:14:32 PDT] Proceeding A2507016: not due yet (interval 3:00:00). Last checked 2026-08-09T12:17:20.758358-07:00.
[2026-08-09 15:14:32 PDT] Run start: target meeting 2026-08-13 (Agenda #3585), 4 days out.
[2026-08-09 15:14:32 PDT] Hold List: not due yet (4 days out, interval 3:00:00). Last checked 2026-08-09T12:17:20.758358-07:00.
[2026-08-09 15:14:32 PDT] Run complete.
[2026-08-09 15:51:00 PDT] Proceeding A2507016: checking Proposed Decisions list.
[2026-08-09 15:51:01 PDT] Proceeding A2507016: 20 PD list entries, 0 match the proceeding.
[2026-08-09 15:51:01 PDT] Run start: target meeting 2026-08-13 (Agenda #3585), 4 days out.
[2026-08-09 15:51:01 PDT] Hold List: checking (4 days out, interval 3:00:00).
[2026-08-09 15:51:14 PDT] Hold List: latest is 'Hold List for July 16, 2026 (Agenda 3584) (Final).docx'.
[2026-08-09 15:51:14 PDT] Hold List: does not match target 2026-08-13 (Agenda #3585) yet.
[2026-08-09 15:51:14 PDT] Run complete.
[2026-08-09 16:15:25 PDT] Proceeding A2507016: not due yet (interval 3:00:00). Last checked 2026-08-09T15:51:00.449374-07:00.
[2026-08-09 16:15:25 PDT] Run start: target meeting 2026-08-13 (Agenda #3585), 4 days out.
[2026-08-09 16:15:25 PDT] Hold List: not due yet (4 days out, interval 3:00:00). Last checked 2026-08-09T15:51:00.449374-07:00.
[2026-08-09 16:15:25 PDT] Run complete.
[2026-08-09 16:48:22 PDT] Proceeding A2507016: not due yet (interval 3:00:00). Last checked 2026-08-09T15:51:00.449374-07:00.
[2026-08-09 16:48:22 PDT] Run start: target meeting 2026-08-13 (Agenda #3585), 4 days out.
[2026-08-09 16:48:22 PDT] Hold List: not due yet (4 days out, interval 3:00:00). Last checked 2026-08-09T15:51:00.449374-07:00.
[2026-08-09 16:48:22 PDT] Run complete.
[2026-08-09 17:38:01 PDT] Proceeding A2507016: not due yet (interval 3:00:00). Last checked 2026-08-09T15:51:00.449374-07:00.
[2026-08-09 17:38:01 PDT] Run start: target meeting 2026-08-13 (Agenda #3585), 4 days out.
[2026-08-09 17:38:01 PDT] Hold List: not due yet (4 days out, interval 3:00:00). Last checked 2026-08-09T15:51:00.449374-07:00.
[2026-08-09 17:38:01 PDT] Run complete.
[2026-08-09 19:56:15 PDT] Proceeding A2507016: checking Proposed Decisions list.
[2026-08-09 19:56:19 PDT] Proceeding A2507016: 20 PD list entries, 0 match the proceeding.
[2026-08-09 19:56:19 PDT] Run start: target meeting 2026-08-13 (Agenda #3585), 4 days out.
[2026-08-09 19:56:19 PDT] Hold List: checking (4 days out, interval 3:00:00).
[2026-08-09 19:56:34 PDT] Hold List: latest is 'Hold List for July 16, 2026 (Agenda 3584) (Final).docx'.
[2026-08-09 19:56:34 PDT] Hold List: does not match target 2026-08-13 (Agenda #3585) yet.
[2026-08-09 19:56:34 PDT] Run complete.
[2026-08-09 21:26:03 PDT] Proceeding A2507016: not due yet (interval 3:00:00). Last checked 2026-08-09T19:56:15.203066-07:00.
[2026-08-09 21:26:03 PDT] Run start: target meeting 2026-08-13 (Agenda #3585), 4 days out.
[2026-08-09 21:26:03 PDT] Hold List: not due yet (4 days out, interval 3:00:00). Last checked 2026-08-09T19:56:15.203066-07:00.
[2026-08-09 21:26:03 PDT] Run complete.
[2026-08-09 22:53:01 PDT] Proceeding A2507016: not due yet (interval 3:00:00). Last checked 2026-08-09T19:56:15.203066-07:00.
[2026-08-09 22:53:01 PDT] Run start: target meeting 2026-08-13 (Agenda #3585), 4 days out.
[2026-08-09 22:53:01 PDT] Hold List: not due yet (4 days out, interval 3:00:00). Last checked 2026-08-09T19:56:15.203066-07:00.
[2026-08-09 22:53:01 PDT] Run complete.
[2026-08-10 00:01:33 PDT] Proceeding A2507016: checking Proposed Decisions list.
[2026-08-10 00:01:34 PDT] Proceeding A2507016: 20 PD list entries, 0 match the proceeding.
[2026-08-10 00:01:34 PDT] Run start: target meeting 2026-08-13 (Agenda #3585), 3 days out.
[2026-08-10 00:01:34 PDT] Hold List: checking (3 days out, interval 1:00:00).
[2026-08-10 00:01:51 PDT] Hold List: latest is 'Hold List for July 16, 2026 (Agenda 3584) (Final).docx'.
[2026-08-10 00:01:51 PDT] Hold List: does not match target 2026-08-13 (Agenda #3585) yet.
[2026-08-10 00:01:51 PDT] Run complete.
[2026-08-10 01:46:06 PDT] Proceeding A2507016: not due yet (interval 3:00:00). Last checked 2026-08-10T00:01:33.272435-07:00.
[2026-08-10 01:46:06 PDT] Run start: target meeting 2026-08-13 (Agenda #3585), 3 days out.
[2026-08-10 01:46:06 PDT] Hold List: checking (3 days out, interval 1:00:00).
[2026-08-10 01:46:21 PDT] Hold List: latest is 'Hold List for July 16, 2026 (Agenda 3584) (Final).docx'.
[2026-08-10 01:46:21 PDT] Hold List: does not match target 2026-08-13 (Agenda #3585) yet.
[2026-08-10 01:46:21 PDT] Run complete.
[2026-08-10 03:02:40 PDT] Proceeding A2507016: checking Proposed Decisions list.
[2026-08-10 03:02:41 PDT] Proceeding A2507016: 20 PD list entries, 0 match the proceeding.
[2026-08-10 03:02:41 PDT] Run start: target meeting 2026-08-13 (Agenda #3585), 3 days out.
[2026-08-10 03:02:41 PDT] Hold List: checking (3 days out, interval 1:00:00).
[2026-08-10 03:02:59 PDT] Hold List: latest is 'Hold List for July 16, 2026 (Agenda 3584) (Final).docx'.
[2026-08-10 03:02:59 PDT] Hold List: does not match target 2026-08-13 (Agenda #3585) yet.
[2026-08-10 03:02:59 PDT] Run complete.
[2026-08-10 04:15:57 PDT] Proceeding A2507016: not due yet (interval 3:00:00). Last checked 2026-08-10T03:02:40.497606-07:00.
[2026-08-10 04:15:57 PDT] Run start: target meeting 2026-08-13 (Agenda #3585), 3 days out.
[2026-08-10 04:15:57 PDT] Hold List: checking (3 days out, interval 1:00:00).
[2026-08-10 04:16:09 PDT] Hold List: latest is 'Hold List for July 16, 2026 (Agenda 3584) (Final).docx'.
[2026-08-10 04:16:09 PDT] Hold List: does not match target 2026-08-13 (Agenda #3585) yet.
[2026-08-10 04:16:09 PDT] Run complete.
[2026-08-10 05:01:10 PDT] Proceeding A2507016: not due yet (interval 3:00:00). Last checked 2026-08-10T03:02:40.497606-07:00.
[2026-08-10 05:01:10 PDT] Run start: target meeting 2026-08-13 (Agenda #3585), 3 days out.
[2026-08-10 05:01:10 PDT] Hold List: not due yet (3 days out, interval 1:00:00). Last checked 2026-08-10T04:15:57.040710-07:00.
[2026-08-10 05:01:10 PDT] Run complete.
[2026-08-10 06:34:29 PDT] Proceeding A2507016: checking Proposed Decisions list.
[2026-08-10 06:34:35 PDT] Proceeding A2507016: 20 PD list entries, 0 match the proceeding.
[2026-08-10 06:34:35 PDT] Run start: target meeting 2026-08-13 (Agenda #3585), 3 days out.
[2026-08-10 06:34:35 PDT] Hold List: checking (3 days out, interval 1:00:00).
[2026-08-10 06:34:51 PDT] Hold List: latest is 'Hold List for July 16, 2026 (Agenda 3584) (Final).docx'.
[2026-08-10 06:34:51 PDT] Hold List: does not match target 2026-08-13 (Agenda #3585) yet.
[2026-08-10 06:34:51 PDT] Run complete.
[2026-08-10 07:39:26 PDT] Proceeding A2507016: not due yet (interval 3:00:00). Last checked 2026-08-10T06:34:29.647226-07:00.
[2026-08-10 07:39:26 PDT] Run start: target meeting 2026-08-13 (Agenda #3585), 3 days out.
[2026-08-10 07:39:26 PDT] Hold List: checking (3 days out, interval 1:00:00).
[2026-08-10 07:39:44 PDT] Hold List: latest is 'Hold List for July 16, 2026 (Agenda 3584) (Final).docx'.
[2026-08-10 07:39:44 PDT] Hold List: does not match target 2026-08-13 (Agenda #3585) yet.
[2026-08-10 07:39:44 PDT] Run complete.
[2026-08-10 08:35:10 PDT] Proceeding A2507016: not due yet (interval 3:00:00). Last checked 2026-08-10T06:34:29.647226-07:00.
[2026-08-10 08:35:10 PDT] Run start: target meeting 2026-08-13 (Agenda #3585), 3 days out.
[2026-08-10 08:35:10 PDT] Hold List: not due yet (3 days out, interval 1:00:00). Last checked 2026-08-10T07:39:26.858474-07:00.
[2026-08-10 08:35:10 PDT] Run complete.
[2026-08-10 09:26:41 PDT] Proceeding A2507016: not due yet (interval 3:00:00). Last checked 2026-08-10T06:34:29.647226-07:00.
[2026-08-10 09:26:41 PDT] Run start: target meeting 2026-08-13 (Agenda #3585), 3 days out.
[2026-08-10 09:26:41 PDT] Hold List: checking (3 days out, interval 1:00:00).
[2026-08-10 09:26:57 PDT] Hold List: latest is 'Hold List for July 16, 2026 (Agenda 3584) (Final).docx'.
[2026-08-10 09:26:57 PDT] Hold List: does not match target 2026-08-13 (Agenda #3585) yet.
[2026-08-10 09:26:57 PDT] Run complete.
[2026-08-10 10:24:13 PDT] Proceeding A2507016: checking Proposed Decisions list.
[2026-08-10 10:24:18 PDT] Proceeding A2507016: 20 PD list entries, 0 match the proceeding.
[2026-08-10 10:24:18 PDT] Run start: target meeting 2026-08-13 (Agenda #3585), 3 days out.
[2026-08-10 10:24:18 PDT] Hold List: not due yet (3 days out, interval 1:00:00). Last checked 2026-08-10T09:26:41.010833-07:00.
[2026-08-10 10:24:18 PDT] Run complete.
[2026-08-10 11:10:21 PDT] Proceeding A2507016: not due yet (interval 3:00:00). Last checked 2026-08-10T10:24:13.750506-07:00.
[2026-08-10 11:10:21 PDT] Run start: target meeting 2026-08-13 (Agenda #3585), 3 days out.
[2026-08-10 11:10:21 PDT] Hold List: checking (3 days out, interval 1:00:00).
[2026-08-10 11:10:36 PDT] Hold List: latest is 'Hold List for July 16, 2026 (Agenda 3584) (Final).docx'.
[2026-08-10 11:10:36 PDT] Hold List: does not match target 2026-08-13 (Agenda #3585) yet.
[2026-08-10 11:10:36 PDT] Run complete.
[2026-08-10 12:14:31 PDT] Proceeding A2507016: not due yet (interval 3:00:00). Last checked 2026-08-10T10:24:13.750506-07:00.
[2026-08-10 12:14:31 PDT] Run start: target meeting 2026-08-13 (Agenda #3585), 3 days out.
[2026-08-10 12:14:31 PDT] Hold List: checking (3 days out, interval 1:00:00).
[2026-08-10 12:14:49 PDT] Hold List: latest is 'Hold List for July 16, 2026 (Agenda 3584) (Final).docx'.
[2026-08-10 12:14:49 PDT] Hold List: does not match target 2026-08-13 (Agenda #3585) yet.
[2026-08-10 12:14:49 PDT] Run complete.
[2026-08-10 13:02:39 PDT] Proceeding A2507016: not due yet (interval 3:00:00). Last checked 2026-08-10T10:24:13.750506-07:00.
[2026-08-10 13:02:39 PDT] Run start: target meeting 2026-08-13 (Agenda #3585), 3 days out.
[2026-08-10 13:02:39 PDT] Hold List: not due yet (3 days out, interval 1:00:00). Last checked 2026-08-10T12:14:31.345081-07:00.
[2026-08-10 13:02:39 PDT] Run complete.
[2026-08-10 13:54:40 PDT] Proceeding A2507016: checking Proposed Decisions list.
[2026-08-10 13:54:45 PDT] Proceeding A2507016: 20 PD list entries, 0 match the proceeding.
[2026-08-10 13:54:45 PDT] Run start: target meeting 2026-08-13 (Agenda #3585), 3 days out.
[2026-08-10 13:54:45 PDT] Hold List: checking (3 days out, interval 1:00:00).
[2026-08-10 13:55:02 PDT] Hold List: latest is 'Hold List for July 16, 2026 (Agenda 3584) (Final).docx'.
[2026-08-10 13:55:02 PDT] Hold List: does not match target 2026-08-13 (Agenda #3585) yet.
[2026-08-10 13:55:02 PDT] Run complete.
[2026-08-10 14:32:40 PDT] Proceeding A2507016: not due yet (interval 3:00:00). Last checked 2026-08-10T13:54:40.083748-07:00.
[2026-08-10 14:32:40 PDT] Run start: target meeting 2026-08-13 (Agenda #3585), 3 days out.
[2026-08-10 14:32:40 PDT] Hold List: not due yet (3 days out, interval 1:00:00). Last checked 2026-08-10T13:54:40.083748-07:00.
[2026-08-10 14:32:40 PDT] Run complete.
[2026-08-10 15:09:33 PDT] Proceeding A2507016: not due yet (interval 3:00:00). Last checked 2026-08-10T13:54:40.083748-07:00.
[2026-08-10 15:09:33 PDT] Run start: target meeting 2026-08-13 (Agenda #3585), 3 days out.
[2026-08-10 15:09:33 PDT] Hold List: checking (3 days out, interval 1:00:00).
[2026-08-10 15:09:50 PDT] Hold List: latest is 'Hold List for July 16, 2026 (Agenda 3584) (Final).docx'.
[2026-08-10 15:09:50 PDT] Hold List: does not match target 2026-08-13 (Agenda #3585) yet.
[2026-08-10 15:09:50 PDT] Run complete.
[2026-08-10 15:54:43 PDT] Proceeding A2507016: not due yet (interval 3:00:00). Last checked 2026-08-10T13:54:40.083748-07:00.
[2026-08-10 15:54:43 PDT] Run start: target meeting 2026-08-13 (Agenda #3585), 3 days out.
[2026-08-10 15:54:43 PDT] Hold List: not due yet (3 days out, interval 1:00:00). Last checked 2026-08-10T15:09:33.936491-07:00.
[2026-08-10 15:54:43 PDT] Run complete.
[2026-08-10 16:25:32 PDT] Proceeding A2507016: not due yet (interval 3:00:00). Last checked 2026-08-10T13:54:40.083748-07:00.
[2026-08-10 16:25:32 PDT] Run start: target meeting 2026-08-13 (Agenda #3585), 3 days out.
[2026-08-10 16:25:32 PDT] Hold List: checking (3 days out, interval 1:00:00).
[2026-08-10 16:25:47 PDT] Hold List: latest is 'Hold List for August 13, 2026 (Agenda 3585).docx'.
[2026-08-10 16:25:47 PDT] Email: sent via Brevo to 4 recipient(s).
[2026-08-10 16:25:47 PDT] Hold List: CONFIRMED and alert sent. PDF: https://docs.cpuc.ca.gov/PublishedDocs/Published/G000/M614/K464/614464499.PDF
[2026-08-10 16:25:47 PDT] Run complete.
[2026-08-10 16:58:44 PDT] Proceeding A2507016: checking Proposed Decisions list.
[2026-08-10 16:58:46 PDT] Proceeding A2507016: 20 PD list entries, 0 match the proceeding.
[2026-08-10 16:58:46 PDT] Run start: target meeting 2026-08-13 (Agenda #3585), 3 days out.
[2026-08-10 16:58:46 PDT] Hold List: already confirmed for this meeting. Nothing to do.
[2026-08-10 16:58:46 PDT] Run complete.
[2026-08-10 18:51:51 PDT] Proceeding A2507016: not due yet (interval 3:00:00). Last checked 2026-08-10T16:58:44.633642-07:00.
[2026-08-10 18:51:51 PDT] Run start: target meeting 2026-08-13 (Agenda #3585), 3 days out.
[2026-08-10 18:51:51 PDT] Hold List: already confirmed for this meeting. Nothing to do.
[2026-08-10 18:51:51 PDT] Run complete.
[2026-08-10 20:23:20 PDT] Proceeding A2507016: checking Proposed Decisions list.
[2026-08-10 20:23:24 PDT] Proceeding A2507016: 20 PD list entries, 0 match the proceeding.
[2026-08-10 20:23:24 PDT] Run start: target meeting 2026-08-13 (Agenda #3585), 3 days out.
[2026-08-10 20:23:24 PDT] Hold List: already confirmed for this meeting. Nothing to do.
[2026-08-10 20:23:24 PDT] Run complete.
[2026-08-10 21:45:23 PDT] Proceeding A2507016: not due yet (interval 3:00:00). Last checked 2026-08-10T20:23:20.968794-07:00.
[2026-08-10 21:45:23 PDT] Run start: target meeting 2026-08-13 (Agenda #3585), 3 days out.
[2026-08-10 21:45:23 PDT] Hold List: already confirmed for this meeting. Nothing to do.
[2026-08-10 21:45:23 PDT] Run complete.
[2026-08-10 22:41:53 PDT] Proceeding A2507016: not due yet (interval 3:00:00). Last checked 2026-08-10T20:23:20.968794-07:00.
[2026-08-10 22:41:53 PDT] Run start: target meeting 2026-08-13 (Agenda #3585), 3 days out.
[2026-08-10 22:41:53 PDT] Hold List: already confirmed for this meeting. Nothing to do.
[2026-08-10 22:41:53 PDT] Run complete.
[2026-08-10 23:35:03 PDT] Proceeding A2507016: checking Proposed Decisions list.
[2026-08-10 23:35:04 PDT] Proceeding A2507016: 20 PD list entries, 0 match the proceeding.
[2026-08-10 23:35:04 PDT] Run start: target meeting 2026-08-13 (Agenda #3585), 3 days out.
[2026-08-10 23:35:04 PDT] Hold List: already confirmed for this meeting. Nothing to do.
[2026-08-10 23:35:04 PDT] Run complete.
[2026-08-11 00:49:58 PDT] Proceeding A2507016: not due yet (interval 3:00:00). Last checked 2026-08-10T23:35:03.115047-07:00.
[2026-08-11 00:49:58 PDT] Run start: target meeting 2026-08-13 (Agenda #3585), 2 days out.
[2026-08-11 00:49:58 PDT] Hold List: already confirmed for this meeting. Nothing to do.
[2026-08-11 00:49:58 PDT] Run complete.
[2026-08-11 01:39:29 PDT] Proceeding A2507016: not due yet (interval 3:00:00). Last checked 2026-08-10T23:35:03.115047-07:00.
[2026-08-11 01:39:29 PDT] Run start: target meeting 2026-08-13 (Agenda #3585), 2 days out.
[2026-08-11 01:39:29 PDT] Hold List: already confirmed for this meeting. Nothing to do.
[2026-08-11 01:39:29 PDT] Run complete.
[2026-08-11 02:39:25 PDT] Proceeding A2507016: checking Proposed Decisions list.
[2026-08-11 02:39:31 PDT] Proceeding A2507016: 20 PD list entries, 0 match the proceeding.
[2026-08-11 02:39:31 PDT] Run start: target meeting 2026-08-13 (Agenda #3585), 2 days out.
[2026-08-11 02:39:31 PDT] Hold List: already confirmed for this meeting. Nothing to do.
[2026-08-11 02:39:31 PDT] Run complete.
[2026-08-11 03:30:58 PDT] Proceeding A2507016: not due yet (interval 3:00:00). Last checked 2026-08-11T02:39:25.587757-07:00.
[2026-08-11 03:30:58 PDT] Run start: target meeting 2026-08-13 (Agenda #3585), 2 days out.
[2026-08-11 03:30:58 PDT] Hold List: already confirmed for this meeting. Nothing to do.
[2026-08-11 03:30:58 PDT] Run complete.
[2026-08-11 04:23:23 PDT] Proceeding A2507016: not due yet (interval 3:00:00). Last checked 2026-08-11T02:39:25.587757-07:00.
[2026-08-11 04:23:23 PDT] Run start: target meeting 2026-08-13 (Agenda #3585), 2 days out.
[2026-08-11 04:23:23 PDT] Hold List: already confirmed for this meeting. Nothing to do.
[2026-08-11 04:23:23 PDT] Run complete.
[2026-08-11 05:03:01 PDT] Proceeding A2507016: not due yet (interval 3:00:00). Last checked 2026-08-11T02:39:25.587757-07:00.
[2026-08-11 05:03:01 PDT] Run start: target meeting 2026-08-13 (Agenda #3585), 2 days out.
[2026-08-11 05:03:01 PDT] Hold List: already confirmed for this meeting. Nothing to do.
[2026-08-11 05:03:01 PDT] Run complete.
[2026-08-11 06:24:43 PDT] Proceeding A2507016: checking Proposed Decisions list.
[2026-08-11 06:24:48 PDT] Proceeding A2507016: 20 PD list entries, 0 match the proceeding.
[2026-08-11 06:24:48 PDT] Run start: target meeting 2026-08-13 (Agenda #3585), 2 days out.
[2026-08-11 06:24:48 PDT] Hold List: already confirmed for this meeting. Nothing to do.
[2026-08-11 06:24:48 PDT] Run complete.
[2026-08-11 07:33:46 PDT] Proceeding A2507016: not due yet (interval 3:00:00). Last checked 2026-08-11T06:24:43.190944-07:00.
[2026-08-11 07:33:46 PDT] Run start: target meeting 2026-08-13 (Agenda #3585), 2 days out.
[2026-08-11 07:33:46 PDT] Hold List: already confirmed for this meeting. Nothing to do.
[2026-08-11 07:33:46 PDT] Run complete.
[2026-08-11 08:31:40 PDT] Proceeding A2507016: not due yet (interval 3:00:00). Last checked 2026-08-11T06:24:43.190944-07:00.
[2026-08-11 08:31:40 PDT] Run start: target meeting 2026-08-13 (Agenda #3585), 2 days out.
[2026-08-11 08:31:40 PDT] Hold List: already confirmed for this meeting. Nothing to do.
[2026-08-11 08:31:40 PDT] Run complete.
[2026-08-11 09:27:12 PDT] Proceeding A2507016: checking Proposed Decisions list.
[2026-08-11 09:27:14 PDT] Proceeding A2507016: 20 PD list entries, 0 match the proceeding.
[2026-08-11 09:27:14 PDT] Run start: target meeting 2026-08-13 (Agenda #3585), 2 days out.
[2026-08-11 09:27:14 PDT] Hold List: already confirmed for this meeting. Nothing to do.
[2026-08-11 09:27:14 PDT] Run complete.
[2026-08-11 10:26:11 PDT] Proceeding A2507016: not due yet (interval 3:00:00). Last checked 2026-08-11T09:27:12.785413-07:00.
[2026-08-11 10:26:11 PDT] Run start: target meeting 2026-08-13 (Agenda #3585), 2 days out.
[2026-08-11 10:26:11 PDT] Hold List: already confirmed for this meeting. Nothing to do.
[2026-08-11 10:26:11 PDT] Run complete.
[2026-08-11 11:23:43 PDT] Proceeding A2507016: not due yet (interval 3:00:00). Last checked 2026-08-11T09:27:12.785413-07:00.
[2026-08-11 11:23:43 PDT] Run start: target meeting 2026-08-13 (Agenda #3585), 2 days out.
[2026-08-11 11:23:43 PDT] Hold List: already confirmed for this meeting. Nothing to do.
[2026-08-11 11:23:43 PDT] Run complete.
[2026-08-11 12:31:15 PDT] Proceeding A2507016: checking Proposed Decisions list.
[2026-08-11 12:31:20 PDT] Proceeding A2507016: 20 PD list entries, 0 match the proceeding.
[2026-08-11 12:31:20 PDT] Run start: target meeting 2026-08-13 (Agenda #3585), 2 days out.
[2026-08-11 12:31:20 PDT] Hold List: already confirmed for this meeting. Nothing to do.
[2026-08-11 12:31:20 PDT] Run complete.
[2026-08-11 13:11:07 PDT] Proceeding A2507016: not due yet (interval 3:00:00). Last checked 2026-08-11T12:31:15.475401-07:00.
[2026-08-11 13:11:07 PDT] Run start: target meeting 2026-08-13 (Agenda #3585), 2 days out.
[2026-08-11 13:11:07 PDT] Hold List: already confirmed for this meeting. Nothing to do.
[2026-08-11 13:11:07 PDT] Run complete.
[2026-08-11 14:02:24 PDT] Proceeding A2507016: not due yet (interval 3:00:00). Last checked 2026-08-11T12:31:15.475401-07:00.
[2026-08-11 14:02:24 PDT] Run start: target meeting 2026-08-13 (Agenda #3585), 2 days out.
[2026-08-11 14:02:24 PDT] Hold List: already confirmed for this meeting. Nothing to do.
[2026-08-11 14:02:24 PDT] Run complete.
[2026-08-11 14:57:12 PDT] Proceeding A2507016: not due yet (interval 3:00:00). Last checked 2026-08-11T12:31:15.475401-07:00.
[2026-08-11 14:57:12 PDT] Run start: target meeting 2026-08-13 (Agenda #3585), 2 days out.
[2026-08-11 14:57:12 PDT] Hold List: already confirmed for this meeting. Nothing to do.
[2026-08-11 14:57:12 PDT] Run complete.
[2026-08-11 15:38:48 PDT] Proceeding A2507016: checking Proposed Decisions list.
[2026-08-11 15:38:53 PDT] Proceeding A2507016: 20 PD list entries, 0 match the proceeding.
[2026-08-11 15:38:53 PDT] Run start: target meeting 2026-08-13 (Agenda #3585), 2 days out.
[2026-08-11 15:38:53 PDT] Hold List: already confirmed for this meeting. Nothing to do.
[2026-08-11 15:38:53 PDT] Run complete.
[2026-08-11 16:21:54 PDT] Proceeding A2507016: not due yet (interval 3:00:00). Last checked 2026-08-11T15:38:48.048367-07:00.
[2026-08-11 16:21:54 PDT] Run start: target meeting 2026-08-13 (Agenda #3585), 2 days out.
[2026-08-11 16:21:54 PDT] Hold List: already confirmed for this meeting. Nothing to do.
[2026-08-11 16:21:54 PDT] Run complete.
[2026-08-11 17:03:46 PDT] Proceeding A2507016: not due yet (interval 3:00:00). Last checked 2026-08-11T15:38:48.048367-07:00.
[2026-08-11 17:03:46 PDT] Run start: target meeting 2026-08-13 (Agenda #3585), 2 days out.
[2026-08-11 17:03:46 PDT] Hold List: already confirmed for this meeting. Nothing to do.
[2026-08-11 17:03:46 PDT] Run complete.
[2026-08-11 19:36:49 PDT] Proceeding A2507016: checking Proposed Decisions list.
[2026-08-11 19:36:54 PDT] Proceeding A2507016: 20 PD list entries, 0 match the proceeding.
[2026-08-11 19:36:54 PDT] Run start: target meeting 2026-08-13 (Agenda #3585), 2 days out.
[2026-08-11 19:36:54 PDT] Hold List: already confirmed for this meeting. Nothing to do.
[2026-08-11 19:36:54 PDT] Run complete.
[2026-08-11 21:25:02 PDT] Proceeding A2507016: not due yet (interval 3:00:00). Last checked 2026-08-11T19:36:49.516893-07:00.
[2026-08-11 21:25:02 PDT] Run start: target meeting 2026-08-13 (Agenda #3585), 2 days out.
[2026-08-11 21:25:02 PDT] Hold List: already confirmed for this meeting. Nothing to do.
[2026-08-11 21:25:02 PDT] Run complete.
[2026-08-11 22:52:19 PDT] Proceeding A2507016: checking Proposed Decisions list.
[2026-08-11 22:52:20 PDT] Proceeding A2507016: 20 PD list entries, 0 match the proceeding.
[2026-08-11 22:52:20 PDT] Run start: target meeting 2026-08-13 (Agenda #3585), 2 days out.
[2026-08-11 22:52:20 PDT] Hold List: already confirmed for this meeting. Nothing to do.
[2026-08-11 22:52:20 PDT] Run complete.
[2026-08-12 00:00:05 PDT] Proceeding A2507016: not due yet (interval 3:00:00). Last checked 2026-08-11T22:52:19.322908-07:00.
[2026-08-12 00:00:05 PDT] Run start: target meeting 2026-08-13 (Agenda #3585), 1 days out.
[2026-08-12 00:00:05 PDT] Hold List: already confirmed for this meeting. Nothing to do.
[2026-08-12 00:00:05 PDT] Run complete.
[2026-08-12 01:22:24 PDT] Proceeding A2507016: not due yet (interval 3:00:00). Last checked 2026-08-11T22:52:19.322908-07:00.
[2026-08-12 01:22:24 PDT] Run start: target meeting 2026-08-13 (Agenda #3585), 1 days out.
[2026-08-12 01:22:24 PDT] Hold List: already confirmed for this meeting. Nothing to do.
[2026-08-12 01:22:24 PDT] Run complete.
[2026-08-12 02:35:13 PDT] Proceeding A2507016: checking Proposed Decisions list.
[2026-08-12 02:35:19 PDT] Proceeding A2507016: 20 PD list entries, 0 match the proceeding.
[2026-08-12 02:35:19 PDT] Run start: target meeting 2026-08-13 (Agenda #3585), 1 days out.
[2026-08-12 02:35:19 PDT] Hold List: already confirmed for this meeting. Nothing to do.
[2026-08-12 02:35:19 PDT] Run complete.
[2026-08-12 03:39:12 PDT] Proceeding A2507016: not due yet (interval 3:00:00). Last checked 2026-08-12T02:35:13.577768-07:00.
[2026-08-12 03:39:12 PDT] Run start: target meeting 2026-08-13 (Agenda #3585), 1 days out.
[2026-08-12 03:39:12 PDT] Hold List: already confirmed for this meeting. Nothing to do.
[2026-08-12 03:39:12 PDT] Run complete.
[2026-08-12 04:27:18 PDT] Proceeding A2507016: not due yet (interval 3:00:00). Last checked 2026-08-12T02:35:13.577768-07:00.
[2026-08-12 04:27:18 PDT] Run start: target meeting 2026-08-13 (Agenda #3585), 1 days out.
[2026-08-12 04:27:18 PDT] Hold List: already confirmed for this meeting. Nothing to do.
[2026-08-12 04:27:18 PDT] Run complete.
[2026-08-12 05:08:25 PDT] Proceeding A2507016: not due yet (interval 3:00:00). Last checked 2026-08-12T02:35:13.577768-07:00.
[2026-08-12 05:08:25 PDT] Run start: target meeting 2026-08-13 (Agenda #3585), 1 days out.
[2026-08-12 05:08:25 PDT] Hold List: already confirmed for this meeting. Nothing to do.
[2026-08-12 05:08:25 PDT] Run complete.
[2026-08-12 06:41:31 PDT] Proceeding A2507016: checking Proposed Decisions list.
[2026-08-12 06:41:33 PDT] Proceeding A2507016: 20 PD list entries, 0 match the proceeding.
[2026-08-12 06:41:33 PDT] Run start: target meeting 2026-08-13 (Agenda #3585), 1 days out.
[2026-08-12 06:41:33 PDT] Hold List: already confirmed for this meeting. Nothing to do.
[2026-08-12 06:41:33 PDT] Run complete.
[2026-08-12 07:42:48 PDT] Proceeding A2507016: not due yet (interval 3:00:00). Last checked 2026-08-12T06:41:31.958400-07:00.
[2026-08-12 07:42:48 PDT] Run start: target meeting 2026-08-13 (Agenda #3585), 1 days out.
[2026-08-12 07:42:48 PDT] Hold List: already confirmed for this meeting. Nothing to do.
[2026-08-12 07:42:48 PDT] Run complete.
[2026-08-12 08:38:45 PDT] Proceeding A2507016: not due yet (interval 3:00:00). Last checked 2026-08-12T06:41:31.958400-07:00.
[2026-08-12 08:38:45 PDT] Run start: target meeting 2026-08-13 (Agenda #3585), 1 days out.
[2026-08-12 08:38:45 PDT] Hold List: already confirmed for this meeting. Nothing to do.
[2026-08-12 08:38:45 PDT] Run complete.
[2026-08-12 09:32:25 PDT] Proceeding A2507016: not due yet (interval 3:00:00). Last checked 2026-08-12T06:41:31.958400-07:00.
[2026-08-12 09:32:25 PDT] Run start: target meeting 2026-08-13 (Agenda #3585), 1 days out.
[2026-08-12 09:32:25 PDT] Hold List: already confirmed for this meeting. Nothing to do.
[2026-08-12 09:32:25 PDT] Run complete.
[2026-08-12 10:32:32 PDT] Proceeding A2507016: checking Proposed Decisions list.
[2026-08-12 10:32:38 PDT] Proceeding A2507016: 20 PD list entries, 0 match the proceeding.
[2026-08-12 10:32:38 PDT] Run start: target meeting 2026-08-13 (Agenda #3585), 1 days out.
[2026-08-12 10:32:38 PDT] Hold List: already confirmed for this meeting. Nothing to do.
[2026-08-12 10:32:38 PDT] Run complete.
[2026-08-12 11:29:05 PDT] Proceeding A2507016: not due yet (interval 3:00:00). Last checked 2026-08-12T10:32:32.407366-07:00.
[2026-08-12 11:29:05 PDT] Run start: target meeting 2026-08-13 (Agenda #3585), 1 days out.
[2026-08-12 11:29:05 PDT] Hold List: already confirmed for this meeting. Nothing to do.
[2026-08-12 11:29:05 PDT] Run complete.
[2026-08-12 12:38:06 PDT] Proceeding A2507016: not due yet (interval 3:00:00). Last checked 2026-08-12T10:32:32.407366-07:00.
[2026-08-12 12:38:06 PDT] Run start: target meeting 2026-08-13 (Agenda #3585), 1 days out.
[2026-08-12 12:38:06 PDT] Hold List: already confirmed for this meeting. Nothing to do.
[2026-08-12 12:38:06 PDT] Run complete.
[2026-08-12 13:20:02 PDT] Proceeding A2507016: not due yet (interval 3:00:00). Last checked 2026-08-12T10:32:32.407366-07:00.
[2026-08-12 13:20:02 PDT] Run start: target meeting 2026-08-13 (Agenda #3585), 1 days out.
[2026-08-12 13:20:02 PDT] Hold List: already confirmed for this meeting. Nothing to do.
[2026-08-12 13:20:02 PDT] Run complete.
[2026-08-12 14:07:38 PDT] Proceeding A2507016: checking Proposed Decisions list.
[2026-08-12 14:07:40 PDT] Proceeding A2507016: 20 PD list entries, 0 match the proceeding.
[2026-08-12 14:07:40 PDT] Run start: target meeting 2026-08-13 (Agenda #3585), 1 days out.
[2026-08-12 14:07:40 PDT] Hold List: already confirmed for this meeting. Nothing to do.
[2026-08-12 14:07:40 PDT] Run complete.
[2026-08-12 14:58:39 PDT] Proceeding A2507016: not due yet (interval 3:00:00). Last checked 2026-08-12T14:07:38.721137-07:00.
[2026-08-12 14:58:39 PDT] Run start: target meeting 2026-08-13 (Agenda #3585), 1 days out.
[2026-08-12 14:58:39 PDT] Hold List: already confirmed for this meeting. Nothing to do.
[2026-08-12 14:58:39 PDT] Run complete.
[2026-08-12 15:42:34 PDT] Proceeding A2507016: not due yet (interval 3:00:00). Last checked 2026-08-12T14:07:38.721137-07:00.
[2026-08-12 15:42:34 PDT] Run start: target meeting 2026-08-13 (Agenda #3585), 1 days out.
[2026-08-12 15:42:34 PDT] Hold List: already confirmed for this meeting. Nothing to do.
[2026-08-12 15:42:34 PDT] Run complete.
[2026-08-12 16:22:42 PDT] Proceeding A2507016: not due yet (interval 3:00:00). Last checked 2026-08-12T14:07:38.721137-07:00.
[2026-08-12 16:22:42 PDT] Run start: target meeting 2026-08-13 (Agenda #3585), 1 days out.
[2026-08-12 16:22:42 PDT] Hold List: already confirmed for this meeting. Nothing to do.
[2026-08-12 16:22:42 PDT] Run complete.
[2026-08-12 17:02:40 PDT] Proceeding A2507016: not due yet (interval 3:00:00). Last checked 2026-08-12T14:07:38.721137-07:00.
[2026-08-12 17:02:40 PDT] Run start: target meeting 2026-08-13 (Agenda #3585), 1 days out.
[2026-08-12 17:02:40 PDT] Hold List: already confirmed for this meeting. Nothing to do.
[2026-08-12 17:02:40 PDT] Run complete.
[2026-08-12 19:37:56 PDT] Proceeding A2507016: checking Proposed Decisions list.
[2026-08-12 19:37:57 PDT] Proceeding A2507016: 20 PD list entries, 0 match the proceeding.
[2026-08-12 19:37:57 PDT] Run start: target meeting 2026-08-13 (Agenda #3585), 1 days out.
[2026-08-12 19:37:57 PDT] Hold List: already confirmed for this meeting. Nothing to do.
[2026-08-12 19:37:57 PDT] Run complete.
[2026-08-12 21:28:07 PDT] Proceeding A2507016: not due yet (interval 3:00:00). Last checked 2026-08-12T19:37:56.732694-07:00.
[2026-08-12 21:28:07 PDT] Run start: target meeting 2026-08-13 (Agenda #3585), 1 days out.
[2026-08-12 21:28:07 PDT] Hold List: already confirmed for this meeting. Nothing to do.
[2026-08-12 21:28:07 PDT] Run complete.
[2026-08-12 22:56:57 PDT] Proceeding A2507016: checking Proposed Decisions list.
[2026-08-12 22:57:02 PDT] Proceeding A2507016: 20 PD list entries, 0 match the proceeding.
[2026-08-12 22:57:02 PDT] Run start: target meeting 2026-08-13 (Agenda #3585), 1 days out.
[2026-08-12 22:57:02 PDT] Hold List: already confirmed for this meeting. Nothing to do.
[2026-08-12 22:57:02 PDT] Run complete.
[2026-08-13 00:22:38 PDT] Proceeding A2507016: not due yet (interval 3:00:00). Last checked 2026-08-12T22:56:57.669143-07:00.
[2026-08-13 00:22:38 PDT] Run start: target meeting 2026-08-13 (Agenda #3585), 0 days out.
[2026-08-13 00:22:38 PDT] Hold List: already confirmed for this meeting. Nothing to do.
[2026-08-13 00:22:38 PDT] Run complete.
[2026-08-13 01:47:39 PDT] Proceeding A2507016: not due yet (interval 3:00:00). Last checked 2026-08-12T22:56:57.669143-07:00.
[2026-08-13 01:47:39 PDT] Run start: target meeting 2026-08-13 (Agenda #3585), 0 days out.
[2026-08-13 01:47:39 PDT] Hold List: already confirmed for this meeting. Nothing to do.
[2026-08-13 01:47:39 PDT] Run complete.
[2026-08-13 02:48:40 PDT] Proceeding A2507016: checking Proposed Decisions list.
[2026-08-13 02:48:45 PDT] Proceeding A2507016: 20 PD list entries, 0 match the proceeding.
[2026-08-13 02:48:45 PDT] Run start: target meeting 2026-08-13 (Agenda #3585), 0 days out.
[2026-08-13 02:48:45 PDT] Hold List: already confirmed for this meeting. Nothing to do.
[2026-08-13 02:48:45 PDT] Run complete.
[2026-08-13 03:46:30 PDT] Proceeding A2507016: not due yet (interval 3:00:00). Last checked 2026-08-13T02:48:40.547970-07:00.
[2026-08-13 03:46:30 PDT] Run start: target meeting 2026-08-13 (Agenda #3585), 0 days out.
[2026-08-13 03:46:30 PDT] Hold List: already confirmed for this meeting. Nothing to do.
[2026-08-13 03:46:30 PDT] Run complete.
[2026-08-13 04:33:29 PDT] Proceeding A2507016: not due yet (interval 3:00:00). Last checked 2026-08-13T02:48:40.547970-07:00.
[2026-08-13 04:33:29 PDT] Run start: target meeting 2026-08-13 (Agenda #3585), 0 days out.
[2026-08-13 04:33:29 PDT] Hold List: already confirmed for this meeting. Nothing to do.
[2026-08-13 04:33:29 PDT] Run complete.
[2026-08-13 05:27:33 PDT] Proceeding A2507016: not due yet (interval 3:00:00). Last checked 2026-08-13T02:48:40.547970-07:00.
[2026-08-13 05:27:33 PDT] Run start: target meeting 2026-08-13 (Agenda #3585), 0 days out.
[2026-08-13 05:27:33 PDT] Hold List: already confirmed for this meeting. Nothing to do.
[2026-08-13 05:27:33 PDT] Run complete.
[2026-08-13 06:56:42 PDT] Proceeding A2507016: checking Proposed Decisions list.
[2026-08-13 06:56:47 PDT] Proceeding A2507016: 20 PD list entries, 0 match the proceeding.
[2026-08-13 06:56:47 PDT] Run start: target meeting 2026-08-13 (Agenda #3585), 0 days out.
[2026-08-13 06:56:47 PDT] Hold List: already confirmed for this meeting. Nothing to do.
[2026-08-13 06:56:47 PDT] Run complete.
[2026-08-13 07:53:41 PDT] Proceeding A2507016: not due yet (interval 3:00:00). Last checked 2026-08-13T06:56:42.149633-07:00.
[2026-08-13 07:53:41 PDT] Run start: target meeting 2026-08-13 (Agenda #3585), 0 days out.
[2026-08-13 07:53:41 PDT] Hold List: already confirmed for this meeting. Nothing to do.
[2026-08-13 07:53:41 PDT] Run complete.
[2026-08-13 08:46:35 PDT] Proceeding A2507016: not due yet (interval 3:00:00). Last checked 2026-08-13T06:56:42.149633-07:00.
[2026-08-13 08:46:35 PDT] Run start: target meeting 2026-08-13 (Agenda #3585), 0 days out.
[2026-08-13 08:46:35 PDT] Hold List: already confirmed for this meeting. Nothing to do.
[2026-08-13 08:46:35 PDT] Run complete.
[2026-08-13 09:38:37 PDT] Proceeding A2507016: not due yet (interval 3:00:00). Last checked 2026-08-13T06:56:42.149633-07:00.
[2026-08-13 09:38:37 PDT] Run start: target meeting 2026-08-13 (Agenda #3585), 0 days out.
[2026-08-13 09:38:37 PDT] Hold List: already confirmed for this meeting. Nothing to do.
[2026-08-13 09:38:37 PDT] Run complete.
[2026-08-13 10:37:24 PDT] Proceeding A2507016: checking Proposed Decisions list.
[2026-08-13 10:37:29 PDT] Proceeding A2507016: 20 PD list entries, 0 match the proceeding.
[2026-08-13 10:37:29 PDT] Run start: target meeting 2026-08-13 (Agenda #3585), 0 days out.
[2026-08-13 10:37:29 PDT] Hold List: already confirmed for this meeting. Nothing to do.
[2026-08-13 10:37:29 PDT] Run complete.
[2026-08-13 11:32:15 PDT] Proceeding A2507016: not due yet (interval 3:00:00). Last checked 2026-08-13T10:37:24.339685-07:00.
[2026-08-13 11:32:15 PDT] Run start: target meeting 2026-08-13 (Agenda #3585), 0 days out.
[2026-08-13 11:32:15 PDT] Hold List: already confirmed for this meeting. Nothing to do.
[2026-08-13 11:32:15 PDT] Run complete.
[2026-08-13 12:37:51 PDT] Proceeding A2507016: not due yet (interval 3:00:00). Last checked 2026-08-13T10:37:24.339685-07:00.
[2026-08-13 12:37:51 PDT] Run start: target meeting 2026-08-13 (Agenda #3585), 0 days out.
[2026-08-13 12:37:51 PDT] Hold List: already confirmed for this meeting. Nothing to do.
[2026-08-13 12:37:51 PDT] Run complete.
[2026-08-13 13:16:59 PDT] Proceeding A2507016: not due yet (interval 3:00:00). Last checked 2026-08-13T10:37:24.339685-07:00.
[2026-08-13 13:16:59 PDT] Run start: target meeting 2026-08-13 (Agenda #3585), 0 days out.
[2026-08-13 13:16:59 PDT] Hold List: already confirmed for this meeting. Nothing to do.
[2026-08-13 13:16:59 PDT] Run complete.
[2026-08-13 14:06:08 PDT] Proceeding A2507016: checking Proposed Decisions list.
[2026-08-13 14:06:11 PDT] Proceeding A2507016: fetch error: HTTPError('500 Server Error: Internal Server Error for url: https://docs.cpuc.ca.gov/SearchRes.aspx?ProposedDecisions=1&DaySearch=30')
[2026-08-13 14:06:11 PDT] Run start: target meeting 2026-08-13 (Agenda #3585), 0 days out.
[2026-08-13 14:06:11 PDT] Hold List: already confirmed for this meeting. Nothing to do.
[2026-08-13 14:06:11 PDT] Run complete.
[2026-08-13 14:57:20 PDT] Proceeding A2507016: not due yet (interval 3:00:00). Last checked 2026-08-13T14:06:08.688986-07:00.
[2026-08-13 14:57:20 PDT] Run start: target meeting 2026-08-13 (Agenda #3585), 0 days out.
[2026-08-13 14:57:20 PDT] Hold List: already confirmed for this meeting. Nothing to do.
[2026-08-13 14:57:20 PDT] Run complete.
[2026-08-13 15:39:05 PDT] Proceeding A2507016: not due yet (interval 3:00:00). Last checked 2026-08-13T14:06:08.688986-07:00.
[2026-08-13 15:39:05 PDT] Run start: target meeting 2026-08-13 (Agenda #3585), 0 days out.
[2026-08-13 15:39:05 PDT] Hold List: already confirmed for this meeting. Nothing to do.
[2026-08-13 15:39:05 PDT] Run complete.
[2026-08-13 16:23:03 PDT] Proceeding A2507016: not due yet (interval 3:00:00). Last checked 2026-08-13T14:06:08.688986-07:00.
[2026-08-13 16:23:03 PDT] Run start: target meeting 2026-08-13 (Agenda #3585), 0 days out.
[2026-08-13 16:23:03 PDT] Hold List: already confirmed for this meeting. Nothing to do.
[2026-08-13 16:23:03 PDT] Run complete.
[2026-08-13 17:03:10 PDT] Proceeding A2507016: not due yet (interval 3:00:00). Last checked 2026-08-13T14:06:08.688986-07:00.
[2026-08-13 17:03:10 PDT] Run start: target meeting 2026-08-13 (Agenda #3585), 0 days out.
[2026-08-13 17:03:10 PDT] Hold List: already confirmed for this meeting. Nothing to do.
[2026-08-13 17:03:10 PDT] Run complete.
[2026-08-13 19:36:30 PDT] Proceeding A2507016: checking Proposed Decisions list.
[2026-08-13 19:36:35 PDT] Proceeding A2507016: 20 PD list entries, 0 match the proceeding.
[2026-08-13 19:36:35 PDT] Run start: target meeting 2026-08-13 (Agenda #3585), 0 days out.
[2026-08-13 19:36:35 PDT] Hold List: already confirmed for this meeting. Nothing to do.
[2026-08-13 19:36:35 PDT] Run complete.
[2026-08-13 21:25:25 PDT] Proceeding A2507016: not due yet (interval 3:00:00). Last checked 2026-08-13T19:36:30.108451-07:00.
[2026-08-13 21:25:25 PDT] Run start: target meeting 2026-08-13 (Agenda #3585), 0 days out.
[2026-08-13 21:25:25 PDT] Hold List: already confirmed for this meeting. Nothing to do.
[2026-08-13 21:25:25 PDT] Run complete.
[2026-08-13 22:52:30 PDT] Proceeding A2507016: checking Proposed Decisions list.
[2026-08-13 22:52:31 PDT] Proceeding A2507016: fetch error: HTTPError('500 Server Error: Internal Server Error for url: https://docs.cpuc.ca.gov/SearchRes.aspx?ProposedDecisions=1&DaySearch=30')
[2026-08-13 22:52:31 PDT] Run start: target meeting 2026-08-13 (Agenda #3585), 0 days out.
[2026-08-13 22:52:31 PDT] Hold List: already confirmed for this meeting. Nothing to do.
[2026-08-13 22:52:31 PDT] Run complete.
[2026-08-14 00:00:31 PDT] Target meeting set to 2026-09-03 (Agenda #3586); resetting state.
[2026-08-14 00:00:31 PDT] Proceeding A2507016: not due yet (interval 3:00:00). Last checked 2026-08-13T22:52:30.933456-07:00.
[2026-08-14 00:00:31 PDT] Run start: target meeting 2026-09-03 (Agenda #3586), 20 days out.
[2026-08-14 00:00:31 PDT] Agenda: checking (20 days out, interval 0:15:00, A2507016 agenda-eligible — frequent).
[2026-08-14 00:00:44 PDT] Agenda: latest is 'Current Meeting Agenda for August 13, 2026 (Agenda #3585 - #6)'.
[2026-08-14 00:00:44 PDT] Agenda: does not match target 2026-09-03 (Agenda #3586) yet.
[2026-08-14 00:00:44 PDT] Hold List: skipped (agenda not yet confirmed).
[2026-08-14 00:00:44 PDT] Run complete.
[2026-08-14 01:21:42 PDT] Proceeding A2507016: not due yet (interval 3:00:00). Last checked 2026-08-13T22:52:30.933456-07:00.
[2026-08-14 01:21:42 PDT] Run start: target meeting 2026-09-03 (Agenda #3586), 20 days out.
[2026-08-14 01:21:42 PDT] Agenda: checking (20 days out, interval 0:15:00, A2507016 agenda-eligible — frequent).
[2026-08-14 01:22:12 PDT] Agenda: fetch error: ReadTimeout(ReadTimeoutError("HTTPSConnectionPool(host='docs.cpuc.ca.gov', port=443): Read timed out. (read timeout=30)"))
[2026-08-14 01:22:12 PDT] Hold List: skipped (agenda not yet confirmed).
[2026-08-14 01:22:12 PDT] Run complete.
[2026-08-14 02:30:07 PDT] Proceeding A2507016: checking Proposed Decisions list.
[2026-08-14 02:30:10 PDT] Proceeding A2507016: 20 PD list entries, 0 match the proceeding.
[2026-08-14 02:30:10 PDT] Run start: target meeting 2026-09-03 (Agenda #3586), 20 days out.
[2026-08-14 02:30:10 PDT] Agenda: checking (20 days out, interval 0:15:00, A2507016 agenda-eligible — frequent).
[2026-08-14 02:30:21 PDT] Agenda: latest is 'Current Meeting Agenda for August 13, 2026 (Agenda #3585 - #6)'.
[2026-08-14 02:30:21 PDT] Agenda: does not match target 2026-09-03 (Agenda #3586) yet.
[2026-08-14 02:30:21 PDT] Hold List: skipped (agenda not yet confirmed).
[2026-08-14 02:30:21 PDT] Run complete.
[2026-08-14 03:33:56 PDT] Proceeding A2507016: not due yet (interval 3:00:00). Last checked 2026-08-14T02:30:07.743907-07:00.
[2026-08-14 03:33:56 PDT] Run start: target meeting 2026-09-03 (Agenda #3586), 20 days out.
[2026-08-14 03:33:56 PDT] Agenda: checking (20 days out, interval 0:15:00, A2507016 agenda-eligible — frequent).
[2026-08-14 03:34:09 PDT] Agenda: latest is 'Current Meeting Agenda for August 13, 2026 (Agenda #3585 - #6)'.
[2026-08-14 03:34:09 PDT] Agenda: does not match target 2026-09-03 (Agenda #3586) yet.
[2026-08-14 03:34:09 PDT] Hold List: skipped (agenda not yet confirmed).
[2026-08-14 03:34:09 PDT] Run complete.
[2026-08-14 04:22:36 PDT] Proceeding A2507016: not due yet (interval 3:00:00). Last checked 2026-08-14T02:30:07.743907-07:00.
[2026-08-14 04:22:36 PDT] Run start: target meeting 2026-09-03 (Agenda #3586), 20 days out.
[2026-08-14 04:22:36 PDT] Agenda: checking (20 days out, interval 0:15:00, A2507016 agenda-eligible — frequent).
[2026-08-14 04:22:36 PDT] Agenda: fetch error: HTTPError('500 Server Error: Internal Server Error for url: https://docs.cpuc.ca.gov/SearchRes.aspx?DocTypeID=1&DocTitleStart=Current%20Meeting%20Agenda&Latest=1')
[2026-08-14 04:22:36 PDT] Hold List: skipped (agenda not yet confirmed).
[2026-08-14 04:22:36 PDT] Run complete.
[2026-08-14 05:02:21 PDT] Proceeding A2507016: not due yet (interval 3:00:00). Last checked 2026-08-14T02:30:07.743907-07:00.
[2026-08-14 05:02:21 PDT] Run start: target meeting 2026-09-03 (Agenda #3586), 20 days out.
[2026-08-14 05:02:21 PDT] Agenda: checking (20 days out, interval 0:15:00, A2507016 agenda-eligible — frequent).
[2026-08-14 05:02:35 PDT] Agenda: latest is 'Current Meeting Agenda for August 13, 2026 (Agenda #3585 - #6)'.
[2026-08-14 05:02:35 PDT] Agenda: does not match target 2026-09-03 (Agenda #3586) yet.
[2026-08-14 05:02:35 PDT] Hold List: skipped (agenda not yet confirmed).
[2026-08-14 05:02:35 PDT] Run complete.
[2026-08-14 06:24:42 PDT] Proceeding A2507016: checking Proposed Decisions list.
[2026-08-14 06:24:48 PDT] Proceeding A2507016: 20 PD list entries, 0 match the proceeding.
[2026-08-14 06:24:48 PDT] Run start: target meeting 2026-09-03 (Agenda #3586), 20 days out.
[2026-08-14 06:24:48 PDT] Agenda: checking (20 days out, interval 0:15:00, A2507016 agenda-eligible — frequent).
[2026-08-14 06:25:16 PDT] Agenda: latest is 'Current Meeting Agenda for August 13, 2026 (Agenda #3585 - #6)'.
[2026-08-14 06:25:16 PDT] Agenda: does not match target 2026-09-03 (Agenda #3586) yet.
[2026-08-14 06:25:16 PDT] Hold List: skipped (agenda not yet confirmed).
[2026-08-14 06:25:16 PDT] Run complete.
[2026-08-14 07:29:04 PDT] Proceeding A2507016: not due yet (interval 3:00:00). Last checked 2026-08-14T06:24:42.797505-07:00.
[2026-08-14 07:29:04 PDT] Run start: target meeting 2026-09-03 (Agenda #3586), 20 days out.
[2026-08-14 07:29:04 PDT] Agenda: checking (20 days out, interval 0:15:00, A2507016 agenda-eligible — frequent).
[2026-08-14 07:29:20 PDT] Agenda: latest is 'Current Meeting Agenda for August 13, 2026 (Agenda #3585 - #6)'.
[2026-08-14 07:29:20 PDT] Agenda: does not match target 2026-09-03 (Agenda #3586) yet.
[2026-08-14 07:29:20 PDT] Hold List: skipped (agenda not yet confirmed).
[2026-08-14 07:29:20 PDT] Run complete.
[2026-08-14 08:21:54 PDT] Proceeding A2507016: not due yet (interval 3:00:00). Last checked 2026-08-14T06:24:42.797505-07:00.
[2026-08-14 08:21:54 PDT] Run start: target meeting 2026-09-03 (Agenda #3586), 20 days out.
[2026-08-14 08:21:54 PDT] Agenda: checking (20 days out, interval 0:15:00, A2507016 agenda-eligible — frequent).
[2026-08-14 08:22:06 PDT] Agenda: latest is 'Current Meeting Agenda for August 13, 2026 (Agenda #3585 - #6)'.
[2026-08-14 08:22:06 PDT] Agenda: does not match target 2026-09-03 (Agenda #3586) yet.
[2026-08-14 08:22:06 PDT] Hold List: skipped (agenda not yet confirmed).
[2026-08-14 08:22:06 PDT] Run complete.
[2026-08-14 09:09:13 PDT] Proceeding A2507016: not due yet (interval 3:00:00). Last checked 2026-08-14T06:24:42.797505-07:00.
[2026-08-14 09:09:13 PDT] Run start: target meeting 2026-09-03 (Agenda #3586), 20 days out.
[2026-08-14 09:09:13 PDT] Agenda: checking (20 days out, interval 0:15:00, A2507016 agenda-eligible — frequent).
[2026-08-14 09:09:28 PDT] Agenda: latest is 'Current Meeting Agenda for August 13, 2026 (Agenda #3585 - #6)'.
[2026-08-14 09:09:28 PDT] Agenda: does not match target 2026-09-03 (Agenda #3586) yet.
[2026-08-14 09:09:28 PDT] Hold List: skipped (agenda not yet confirmed).
[2026-08-14 09:09:28 PDT] Run complete.
[2026-08-14 10:08:07 PDT] Proceeding A2507016: checking Proposed Decisions list.
[2026-08-14 10:08:08 PDT] Proceeding A2507016: 20 PD list entries, 0 match the proceeding.
[2026-08-14 10:08:08 PDT] Run start: target meeting 2026-09-03 (Agenda #3586), 20 days out.
[2026-08-14 10:08:08 PDT] Agenda: checking (20 days out, interval 0:15:00, A2507016 agenda-eligible — frequent).
[2026-08-14 10:08:18 PDT] Agenda: latest is 'Current Meeting Agenda for August 13, 2026 (Agenda #3585 - #6)'.
[2026-08-14 10:08:18 PDT] Agenda: does not match target 2026-09-03 (Agenda #3586) yet.
[2026-08-14 10:08:18 PDT] Hold List: skipped (agenda not yet confirmed).
[2026-08-14 10:08:18 PDT] Run complete.
[2026-08-14 11:01:59 PDT] Proceeding A2507016: not due yet (interval 3:00:00). Last checked 2026-08-14T10:08:07.196515-07:00.
[2026-08-14 11:01:59 PDT] Run start: target meeting 2026-09-03 (Agenda #3586), 20 days out.
[2026-08-14 11:01:59 PDT] Agenda: checking (20 days out, interval 0:15:00, A2507016 agenda-eligible — frequent).
[2026-08-14 11:02:11 PDT] Agenda: latest is 'Current Meeting Agenda for August 13, 2026 (Agenda #3585 - #6)'.
[2026-08-14 11:02:11 PDT] Agenda: does not match target 2026-09-03 (Agenda #3586) yet.
[2026-08-14 11:02:11 PDT] Hold List: skipped (agenda not yet confirmed).
[2026-08-14 11:02:11 PDT] Run complete.
[2026-08-14 12:05:22 PDT] Proceeding A2507016: not due yet (interval 3:00:00). Last checked 2026-08-14T10:08:07.196515-07:00.
[2026-08-14 12:05:22 PDT] Run start: target meeting 2026-09-03 (Agenda #3586), 20 days out.
[2026-08-14 12:05:22 PDT] Agenda: checking (20 days out, interval 0:15:00, A2507016 agenda-eligible — frequent).
[2026-08-14 12:05:37 PDT] Agenda: latest is 'Current Meeting Agenda for August 13, 2026 (Agenda #3585 - #6)'.
[2026-08-14 12:05:37 PDT] Agenda: does not match target 2026-09-03 (Agenda #3586) yet.
[2026-08-14 12:05:37 PDT] Hold List: skipped (agenda not yet confirmed).
[2026-08-14 12:05:37 PDT] Run complete.
[2026-08-14 12:52:03 PDT] Proceeding A2507016: not due yet (interval 3:00:00). Last checked 2026-08-14T10:08:07.196515-07:00.
[2026-08-14 12:52:03 PDT] Run start: target meeting 2026-09-03 (Agenda #3586), 20 days out.
[2026-08-14 12:52:03 PDT] Agenda: checking (20 days out, interval 0:15:00, A2507016 agenda-eligible — frequent).
[2026-08-14 12:52:17 PDT] Agenda: latest is 'Current Meeting Agenda for August 13, 2026 (Agenda #3585 - #6)'.
[2026-08-14 12:52:17 PDT] Agenda: does not match target 2026-09-03 (Agenda #3586) yet.
[2026-08-14 12:52:17 PDT] Hold List: skipped (agenda not yet confirmed).
[2026-08-14 12:52:17 PDT] Run complete.
[2026-08-14 13:17:30 PDT] Proceeding A2507016: checking Proposed Decisions list.
[2026-08-14 13:17:38 PDT] Proceeding A2507016: 20 PD list entries, 0 match the proceeding.
[2026-08-14 13:17:38 PDT] Run start: target meeting 2026-09-03 (Agenda #3586), 20 days out.
[2026-08-14 13:17:38 PDT] Agenda: checking (20 days out, interval 0:15:00, A2507016 agenda-eligible — frequent).
[2026-08-14 13:17:49 PDT] Agenda: latest is 'Current Meeting Agenda for August 13, 2026 (Agenda #3585 - #6)'.
[2026-08-14 13:17:49 PDT] Agenda: does not match target 2026-09-03 (Agenda #3586) yet.
[2026-08-14 13:17:49 PDT] Hold List: skipped (agenda not yet confirmed).
[2026-08-14 13:17:49 PDT] Run complete.
[2026-08-14 13:48:36 PDT] Proceeding A2507016: not due yet (interval 3:00:00). Last checked 2026-08-14T13:17:30.646827-07:00.
[2026-08-14 13:48:36 PDT] Run start: target meeting 2026-09-03 (Agenda #3586), 20 days out.
[2026-08-14 13:48:36 PDT] Agenda: checking (20 days out, interval 0:15:00, A2507016 agenda-eligible — frequent).
[2026-08-14 13:48:51 PDT] Agenda: latest is 'Current Meeting Agenda for August 13, 2026 (Agenda #3585 - #6)'.
[2026-08-14 13:48:51 PDT] Agenda: does not match target 2026-09-03 (Agenda #3586) yet.
[2026-08-14 13:48:51 PDT] Hold List: skipped (agenda not yet confirmed).
[2026-08-14 13:48:51 PDT] Run complete.
[2026-08-14 14:10:10 PDT] Proceeding A2507016: not due yet (interval 3:00:00). Last checked 2026-08-14T13:17:30.646827-07:00.
[2026-08-14 14:10:10 PDT] Run start: target meeting 2026-09-03 (Agenda #3586), 20 days out.
[2026-08-14 14:10:10 PDT] Agenda: checking (20 days out, interval 0:15:00, A2507016 agenda-eligible — frequent).
[2026-08-14 14:10:26 PDT] Agenda: latest is 'Current Meeting Agenda for August 13, 2026 (Agenda #3585 - #6)'.
[2026-08-14 14:10:26 PDT] Agenda: does not match target 2026-09-03 (Agenda #3586) yet.
[2026-08-14 14:10:26 PDT] Hold List: skipped (agenda not yet confirmed).
[2026-08-14 14:10:26 PDT] Run complete.
[2026-08-14 14:37:45 PDT] Proceeding A2507016: not due yet (interval 3:00:00). Last checked 2026-08-14T13:17:30.646827-07:00.
[2026-08-14 14:37:45 PDT] Run start: target meeting 2026-09-03 (Agenda #3586), 20 days out.
[2026-08-14 14:37:45 PDT] Agenda: checking (20 days out, interval 0:15:00, A2507016 agenda-eligible — frequent).
[2026-08-14 14:38:00 PDT] Agenda: latest is 'Current Meeting Agenda for August 13, 2026 (Agenda #3585 - #6)'.
[2026-08-14 14:38:00 PDT] Agenda: does not match target 2026-09-03 (Agenda #3586) yet.
[2026-08-14 14:38:00 PDT] Hold List: skipped (agenda not yet confirmed).
[2026-08-14 14:38:00 PDT] Run complete.
[2026-08-14 14:55:09 PDT] Proceeding A2507016: not due yet (interval 3:00:00). Last checked 2026-08-14T13:17:30.646827-07:00.
[2026-08-14 14:55:09 PDT] Run start: target meeting 2026-09-03 (Agenda #3586), 20 days out.
[2026-08-14 14:55:09 PDT] Agenda: checking (20 days out, interval 0:15:00, A2507016 agenda-eligible — frequent).
[2026-08-14 14:55:23 PDT] Agenda: latest is 'Current Meeting Agenda for August 13, 2026 (Agenda #3585 - #6)'.
[2026-08-14 14:55:23 PDT] Agenda: does not match target 2026-09-03 (Agenda #3586) yet.
[2026-08-14 14:55:23 PDT] Hold List: skipped (agenda not yet confirmed).
[2026-08-14 14:55:23 PDT] Run complete.
[2026-08-14 15:14:13 PDT] Proceeding A2507016: not due yet (interval 3:00:00). Last checked 2026-08-14T13:17:30.646827-07:00.
[2026-08-14 15:14:13 PDT] Run start: target meeting 2026-09-03 (Agenda #3586), 20 days out.
[2026-08-14 15:14:13 PDT] Agenda: checking (20 days out, interval 0:15:00, A2507016 agenda-eligible — frequent).
[2026-08-14 15:14:24 PDT] Agenda: latest is 'Current Meeting Agenda for August 13, 2026 (Agenda #3585 - #6)'.
[2026-08-14 15:14:24 PDT] Agenda: does not match target 2026-09-03 (Agenda #3586) yet.
[2026-08-14 15:14:24 PDT] Hold List: skipped (agenda not yet confirmed).
[2026-08-14 15:14:24 PDT] Run complete.
[2026-08-14 15:41:35 PDT] Proceeding A2507016: not due yet (interval 3:00:00). Last checked 2026-08-14T13:17:30.646827-07:00.
[2026-08-14 15:41:35 PDT] Run start: target meeting 2026-09-03 (Agenda #3586), 20 days out.
[2026-08-14 15:41:35 PDT] Agenda: checking (20 days out, interval 0:15:00, A2507016 agenda-eligible — frequent).
[2026-08-14 15:41:50 PDT] Agenda: latest is 'Current Meeting Agenda for August 13, 2026 (Agenda #3585 - #6)'.
[2026-08-14 15:41:50 PDT] Agenda: does not match target 2026-09-03 (Agenda #3586) yet.
[2026-08-14 15:41:50 PDT] Hold List: skipped (agenda not yet confirmed).
[2026-08-14 15:41:50 PDT] Run complete.
[2026-08-14 15:58:40 PDT] Proceeding A2507016: not due yet (interval 3:00:00). Last checked 2026-08-14T13:17:30.646827-07:00.
[2026-08-14 15:58:40 PDT] Run start: target meeting 2026-09-03 (Agenda #3586), 20 days out.
[2026-08-14 15:58:40 PDT] Agenda: checking (20 days out, interval 0:15:00, A2507016 agenda-eligible — frequent).
[2026-08-14 15:58:58 PDT] Agenda: latest is 'Current Meeting Agenda for August 13, 2026 (Agenda #3585 - #6)'.
[2026-08-14 15:58:58 PDT] Agenda: does not match target 2026-09-03 (Agenda #3586) yet.
[2026-08-14 15:58:58 PDT] Hold List: skipped (agenda not yet confirmed).
[2026-08-14 15:58:58 PDT] Run complete.
[2026-08-14 16:23:26 PDT] Proceeding A2507016: checking Proposed Decisions list.
[2026-08-14 16:23:29 PDT] Proceeding A2507016: 20 PD list entries, 0 match the proceeding.
[2026-08-14 16:23:29 PDT] Run start: target meeting 2026-09-03 (Agenda #3586), 20 days out.
[2026-08-14 16:23:29 PDT] Agenda: checking (20 days out, interval 0:15:00, A2507016 agenda-eligible — frequent).
[2026-08-14 16:23:42 PDT] Agenda: latest is 'Current Meeting Agenda for August 13, 2026 (Agenda #3585 - #6)'.
[2026-08-14 16:23:42 PDT] Agenda: does not match target 2026-09-03 (Agenda #3586) yet.
[2026-08-14 16:23:42 PDT] Hold List: skipped (agenda not yet confirmed).
[2026-08-14 16:23:42 PDT] Run complete.
[2026-08-14 16:43:00 PDT] Proceeding A2507016: not due yet (interval 3:00:00). Last checked 2026-08-14T16:23:25.988707-07:00.
[2026-08-14 16:43:00 PDT] Run start: target meeting 2026-09-03 (Agenda #3586), 20 days out.
[2026-08-14 16:43:00 PDT] Agenda: checking (20 days out, interval 0:15:00, A2507016 agenda-eligible — frequent).
[2026-08-14 16:43:17 PDT] Agenda: latest is 'Current Meeting Agenda for August 13, 2026 (Agenda #3585 - #6)'.
[2026-08-14 16:43:17 PDT] Agenda: does not match target 2026-09-03 (Agenda #3586) yet.
[2026-08-14 16:43:17 PDT] Hold List: skipped (agenda not yet confirmed).
[2026-08-14 16:43:17 PDT] Run complete.
[2026-08-14 16:59:56 PDT] Proceeding A2507016: not due yet (interval 3:00:00). Last checked 2026-08-14T16:23:25.988707-07:00.
[2026-08-14 16:59:56 PDT] Run start: target meeting 2026-09-03 (Agenda #3586), 20 days out.
[2026-08-14 16:59:56 PDT] Agenda: checking (20 days out, interval 0:15:00, A2507016 agenda-eligible — frequent).
[2026-08-14 17:00:13 PDT] Agenda: latest is 'Current Meeting Agenda for August 13, 2026 (Agenda #3585 - #6)'.
[2026-08-14 17:00:13 PDT] Agenda: does not match target 2026-09-03 (Agenda #3586) yet.
[2026-08-14 17:00:13 PDT] Hold List: skipped (agenda not yet confirmed).
[2026-08-14 17:00:13 PDT] Run complete.
[2026-08-14 18:35:43 PDT] Proceeding A2507016: not due yet (interval 3:00:00). Last checked 2026-08-14T16:23:25.988707-07:00.
[2026-08-14 18:35:43 PDT] Run start: target meeting 2026-09-03 (Agenda #3586), 20 days out.
[2026-08-14 18:35:43 PDT] Agenda: checking (20 days out, interval 0:15:00, A2507016 agenda-eligible — frequent).
[2026-08-14 18:35:58 PDT] Agenda: latest is 'Current Meeting Agenda for August 13, 2026 (Agenda #3585 - #6)'.
[2026-08-14 18:35:58 PDT] Agenda: does not match target 2026-09-03 (Agenda #3586) yet.
[2026-08-14 18:35:58 PDT] Hold List: skipped (agenda not yet confirmed).
[2026-08-14 18:35:58 PDT] Run complete.
[2026-08-14 19:36:38 PDT] Proceeding A2507016: checking Proposed Decisions list.
[2026-08-14 19:36:40 PDT] Proceeding A2507016: 20 PD list entries, 0 match the proceeding.
[2026-08-14 19:36:40 PDT] Run start: target meeting 2026-09-03 (Agenda #3586), 20 days out.
[2026-08-14 19:36:40 PDT] Agenda: checking (20 days out, interval 0:15:00, A2507016 agenda-eligible — frequent).
[2026-08-14 19:36:56 PDT] Agenda: latest is 'Current Meeting Agenda for August 13, 2026 (Agenda #3585 - #6)'.
[2026-08-14 19:36:56 PDT] Agenda: does not match target 2026-09-03 (Agenda #3586) yet.
[2026-08-14 19:36:56 PDT] Hold List: skipped (agenda not yet confirmed).
[2026-08-14 19:36:56 PDT] Run complete.
[2026-08-14 20:20:21 PDT] Proceeding A2507016: not due yet (interval 3:00:00). Last checked 2026-08-14T19:36:38.404346-07:00.
[2026-08-14 20:20:21 PDT] Run start: target meeting 2026-09-03 (Agenda #3586), 20 days out.
[2026-08-14 20:20:21 PDT] Agenda: checking (20 days out, interval 0:15:00, A2507016 agenda-eligible — frequent).
[2026-08-14 20:20:52 PDT] Agenda: fetch error: ReadTimeout(ReadTimeoutError("HTTPSConnectionPool(host='docs.cpuc.ca.gov', port=443): Read timed out. (read timeout=30)"))
[2026-08-14 20:20:52 PDT] Hold List: skipped (agenda not yet confirmed).
[2026-08-14 20:20:52 PDT] Run complete.
[2026-08-14 20:57:50 PDT] Proceeding A2507016: not due yet (interval 3:00:00). Last checked 2026-08-14T19:36:38.404346-07:00.
[2026-08-14 20:57:50 PDT] Run start: target meeting 2026-09-03 (Agenda #3586), 20 days out.
[2026-08-14 20:57:50 PDT] Agenda: checking (20 days out, interval 0:15:00, A2507016 agenda-eligible — frequent).
[2026-08-14 20:58:07 PDT] Agenda: latest is 'Current Meeting Agenda for August 13, 2026 (Agenda #3585 - #6)'.
[2026-08-14 20:58:07 PDT] Agenda: does not match target 2026-09-03 (Agenda #3586) yet.
[2026-08-14 20:58:07 PDT] Hold List: skipped (agenda not yet confirmed).
[2026-08-14 20:58:07 PDT] Run complete.
[2026-08-14 21:29:57 PDT] Proceeding A2507016: not due yet (interval 3:00:00). Last checked 2026-08-14T19:36:38.404346-07:00.
[2026-08-14 21:29:57 PDT] Run start: target meeting 2026-09-03 (Agenda #3586), 20 days out.
[2026-08-14 21:29:57 PDT] Agenda: checking (20 days out, interval 0:15:00, A2507016 agenda-eligible — frequent).
[2026-08-14 21:29:58 PDT] Agenda: fetch error: HTTPError('500 Server Error: Internal Server Error for url: https://docs.cpuc.ca.gov/SearchRes.aspx?DocTypeID=1&DocTitleStart=Current%20Meeting%20Agenda&Latest=1')
[2026-08-14 21:29:58 PDT] Hold List: skipped (agenda not yet confirmed).
[2026-08-14 21:29:58 PDT] Run complete.
[2026-08-14 21:58:20 PDT] Proceeding A2507016: not due yet (interval 3:00:00). Last checked 2026-08-14T19:36:38.404346-07:00.
[2026-08-14 21:58:20 PDT] Run start: target meeting 2026-09-03 (Agenda #3586), 20 days out.
[2026-08-14 21:58:20 PDT] Agenda: checking (20 days out, interval 0:15:00, A2507016 agenda-eligible — frequent).
[2026-08-14 21:58:35 PDT] Agenda: latest is 'Current Meeting Agenda for August 13, 2026 (Agenda #3585 - #6)'.
[2026-08-14 21:58:35 PDT] Agenda: does not match target 2026-09-03 (Agenda #3586) yet.
[2026-08-14 21:58:35 PDT] Hold List: skipped (agenda not yet confirmed).
[2026-08-14 21:58:35 PDT] Run complete.
[2026-08-14 22:24:45 PDT] Proceeding A2507016: not due yet (interval 3:00:00). Last checked 2026-08-14T19:36:38.404346-07:00.
[2026-08-14 22:24:45 PDT] Run start: target meeting 2026-09-03 (Agenda #3586), 20 days out.
[2026-08-14 22:24:45 PDT] Agenda: checking (20 days out, interval 0:15:00, A2507016 agenda-eligible — frequent).
[2026-08-14 22:25:01 PDT] Agenda: latest is 'Current Meeting Agenda for August 13, 2026 (Agenda #3585 - #6)'.
[2026-08-14 22:25:01 PDT] Agenda: does not match target 2026-09-03 (Agenda #3586) yet.
[2026-08-14 22:25:01 PDT] Hold List: skipped (agenda not yet confirmed).
[2026-08-14 22:25:01 PDT] Run complete.
[2026-08-14 22:48:19 PDT] Proceeding A2507016: checking Proposed Decisions list.
[2026-08-14 22:48:21 PDT] Proceeding A2507016: 20 PD list entries, 0 match the proceeding.
[2026-08-14 22:48:21 PDT] Run start: target meeting 2026-09-03 (Agenda #3586), 20 days out.
[2026-08-14 22:48:21 PDT] Agenda: checking (20 days out, interval 0:15:00, A2507016 agenda-eligible — frequent).
[2026-08-14 22:48:37 PDT] Agenda: latest is 'Current Meeting Agenda for August 13, 2026 (Agenda #3585 - #6)'.
[2026-08-14 22:48:37 PDT] Agenda: does not match target 2026-09-03 (Agenda #3586) yet.
[2026-08-14 22:48:37 PDT] Hold List: skipped (agenda not yet confirmed).
[2026-08-14 22:48:37 PDT] Run complete.
[2026-08-14 23:02:37 PDT] Proceeding A2507016: not due yet (interval 3:00:00). Last checked 2026-08-14T22:48:19.398414-07:00.
[2026-08-14 23:02:37 PDT] Run start: target meeting 2026-09-03 (Agenda #3586), 20 days out.
[2026-08-14 23:02:37 PDT] Agenda: not due yet (20 days out, interval 0:15:00, A2507016 agenda-eligible — frequent). Last checked 2026-08-14T22:48:19.398414-07:00.
[2026-08-14 23:02:37 PDT] Hold List: skipped (agenda not yet confirmed).
[2026-08-14 23:02:37 PDT] Run complete.
[2026-08-14 23:52:04 PDT] Proceeding A2507016: not due yet (interval 3:00:00). Last checked 2026-08-14T22:48:19.398414-07:00.
[2026-08-14 23:52:04 PDT] Run start: target meeting 2026-09-03 (Agenda #3586), 20 days out.
[2026-08-14 23:52:04 PDT] Agenda: checking (20 days out, interval 0:15:00, A2507016 agenda-eligible — frequent).
[2026-08-14 23:52:15 PDT] Agenda: latest is 'Current Meeting Agenda for August 13, 2026 (Agenda #3585 - #6)'.
[2026-08-14 23:52:15 PDT] Agenda: does not match target 2026-09-03 (Agenda #3586) yet.
[2026-08-14 23:52:15 PDT] Hold List: skipped (agenda not yet confirmed).
[2026-08-14 23:52:15 PDT] Run complete.
[2026-08-15 00:18:15 PDT] Proceeding A2507016: not due yet (interval 3:00:00). Last checked 2026-08-14T22:48:19.398414-07:00.
[2026-08-15 00:18:15 PDT] Run start: target meeting 2026-09-03 (Agenda #3586), 19 days out.
[2026-08-15 00:18:15 PDT] Agenda: checking (19 days out, interval 0:15:00, A2507016 agenda-eligible — frequent).
[2026-08-15 00:18:28 PDT] Agenda: latest is 'Current Meeting Agenda for August 13, 2026 (Agenda #3585 - #6)'.
[2026-08-15 00:18:28 PDT] Agenda: does not match target 2026-09-03 (Agenda #3586) yet.
[2026-08-15 00:18:28 PDT] Hold List: skipped (agenda not yet confirmed).
[2026-08-15 00:18:28 PDT] Run complete.
[2026-08-15 00:46:52 PDT] Proceeding A2507016: not due yet (interval 3:00:00). Last checked 2026-08-14T22:48:19.398414-07:00.
[2026-08-15 00:46:52 PDT] Run start: target meeting 2026-09-03 (Agenda #3586), 19 days out.
[2026-08-15 00:46:52 PDT] Agenda: checking (19 days out, interval 0:15:00, A2507016 agenda-eligible — frequent).
[2026-08-15 00:47:05 PDT] Agenda: latest is 'Current Meeting Agenda for August 13, 2026 (Agenda #3585 - #6)'.
[2026-08-15 00:47:05 PDT] Agenda: does not match target 2026-09-03 (Agenda #3586) yet.
[2026-08-15 00:47:05 PDT] Hold List: skipped (agenda not yet confirmed).
[2026-08-15 00:47:05 PDT] Run complete.
[2026-08-15 01:01:53 PDT] Proceeding A2507016: not due yet (interval 3:00:00). Last checked 2026-08-14T22:48:19.398414-07:00.
[2026-08-15 01:01:53 PDT] Run start: target meeting 2026-09-03 (Agenda #3586), 19 days out.
[2026-08-15 01:01:53 PDT] Agenda: checking (19 days out, interval 0:15:00, A2507016 agenda-eligible — frequent).
[2026-08-15 01:02:19 PDT] Agenda: latest is 'Current Meeting Agenda for August 13, 2026 (Agenda #3585 - #6)'.
[2026-08-15 01:02:19 PDT] Agenda: does not match target 2026-09-03 (Agenda #3586) yet.
[2026-08-15 01:02:19 PDT] Hold List: skipped (agenda not yet confirmed).
[2026-08-15 01:02:19 PDT] Run complete.
[2026-08-15 01:38:33 PDT] Proceeding A2507016: not due yet (interval 3:00:00). Last checked 2026-08-14T22:48:19.398414-07:00.
[2026-08-15 01:38:33 PDT] Run start: target meeting 2026-09-03 (Agenda #3586), 19 days out.
[2026-08-15 01:38:33 PDT] Agenda: checking (19 days out, interval 0:15:00, A2507016 agenda-eligible — frequent).
[2026-08-15 01:38:49 PDT] Agenda: latest is 'Current Meeting Agenda for August 13, 2026 (Agenda #3585 - #6)'.
[2026-08-15 01:38:49 PDT] Agenda: does not match target 2026-09-03 (Agenda #3586) yet.
[2026-08-15 01:38:49 PDT] Hold List: skipped (agenda not yet confirmed).
[2026-08-15 01:38:49 PDT] Run complete.
[2026-08-15 02:02:02 PDT] Proceeding A2507016: checking Proposed Decisions list.
[2026-08-15 02:02:08 PDT] Proceeding A2507016: 20 PD list entries, 0 match the proceeding.
[2026-08-15 02:02:08 PDT] Run start: target meeting 2026-09-03 (Agenda #3586), 19 days out.
[2026-08-15 02:02:08 PDT] Agenda: checking (19 days out, interval 0:15:00, A2507016 agenda-eligible — frequent).
[2026-08-15 02:02:39 PDT] Agenda: fetch error: ReadTimeout(ReadTimeoutError("HTTPSConnectionPool(host='docs.cpuc.ca.gov', port=443): Read timed out. (read timeout=30)"))
[2026-08-15 02:02:39 PDT] Hold List: skipped (agenda not yet confirmed).
[2026-08-15 02:02:39 PDT] Run complete.
[2026-08-15 02:30:35 PDT] Proceeding A2507016: not due yet (interval 3:00:00). Last checked 2026-08-15T02:02:02.265004-07:00.
[2026-08-15 02:30:35 PDT] Run start: target meeting 2026-09-03 (Agenda #3586), 19 days out.
[2026-08-15 02:30:35 PDT] Agenda: checking (19 days out, interval 0:15:00, A2507016 agenda-eligible — frequent).
[2026-08-15 02:30:46 PDT] Agenda: latest is 'Current Meeting Agenda for August 13, 2026 (Agenda #3585 - #6)'.
[2026-08-15 02:30:46 PDT] Agenda: does not match target 2026-09-03 (Agenda #3586) yet.
[2026-08-15 02:30:46 PDT] Hold List: skipped (agenda not yet confirmed).
[2026-08-15 02:30:46 PDT] Run complete.
[2026-08-15 02:50:53 PDT] Proceeding A2507016: not due yet (interval 3:00:00). Last checked 2026-08-15T02:02:02.265004-07:00.
[2026-08-15 02:50:53 PDT] Run start: target meeting 2026-09-03 (Agenda #3586), 19 days out.
[2026-08-15 02:50:53 PDT] Agenda: checking (19 days out, interval 0:15:00, A2507016 agenda-eligible — frequent).
[2026-08-15 02:51:05 PDT] Agenda: latest is 'Current Meeting Agenda for August 13, 2026 (Agenda #3585 - #6)'.
[2026-08-15 02:51:05 PDT] Agenda: does not match target 2026-09-03 (Agenda #3586) yet.
[2026-08-15 02:51:05 PDT] Hold List: skipped (agenda not yet confirmed).
[2026-08-15 02:51:05 PDT] Run complete.
[2026-08-15 03:07:55 PDT] Proceeding A2507016: not due yet (interval 3:00:00). Last checked 2026-08-15T02:02:02.265004-07:00.
[2026-08-15 03:07:55 PDT] Run start: target meeting 2026-09-03 (Agenda #3586), 19 days out.
[2026-08-15 03:07:55 PDT] Agenda: checking (19 days out, interval 0:15:00, A2507016 agenda-eligible — frequent).
[2026-08-15 03:08:10 PDT] Agenda: latest is 'Current Meeting Agenda for August 13, 2026 (Agenda #3585 - #6)'.
[2026-08-15 03:08:10 PDT] Agenda: does not match target 2026-09-03 (Agenda #3586) yet.
[2026-08-15 03:08:10 PDT] Hold List: skipped (agenda not yet confirmed).
[2026-08-15 03:08:10 PDT] Run complete.
[2026-08-15 03:35:25 PDT] Proceeding A2507016: not due yet (interval 3:00:00). Last checked 2026-08-15T02:02:02.265004-07:00.
[2026-08-15 03:35:25 PDT] Run start: target meeting 2026-09-03 (Agenda #3586), 19 days out.
[2026-08-15 03:35:25 PDT] Agenda: checking (19 days out, interval 0:15:00, A2507016 agenda-eligible — frequent).
[2026-08-15 03:35:38 PDT] Agenda: latest is 'Current Meeting Agenda for August 13, 2026 (Agenda #3585 - #6)'.
[2026-08-15 03:35:38 PDT] Agenda: does not match target 2026-09-03 (Agenda #3586) yet.
[2026-08-15 03:35:38 PDT] Hold List: skipped (agenda not yet confirmed).
[2026-08-15 03:35:38 PDT] Run complete.
[2026-08-15 03:53:19 PDT] Proceeding A2507016: not due yet (interval 3:00:00). Last checked 2026-08-15T02:02:02.265004-07:00.
[2026-08-15 03:53:19 PDT] Run start: target meeting 2026-09-03 (Agenda #3586), 19 days out.
[2026-08-15 03:53:19 PDT] Agenda: checking (19 days out, interval 0:15:00, A2507016 agenda-eligible — frequent).
[2026-08-15 03:53:34 PDT] Agenda: latest is 'Current Meeting Agenda for August 13, 2026 (Agenda #3585 - #6)'.
[2026-08-15 03:53:34 PDT] Agenda: does not match target 2026-09-03 (Agenda #3586) yet.
[2026-08-15 03:53:34 PDT] Hold List: skipped (agenda not yet confirmed).
[2026-08-15 03:53:34 PDT] Run complete.
[2026-08-15 04:08:30 PDT] Proceeding A2507016: not due yet (interval 3:00:00). Last checked 2026-08-15T02:02:02.265004-07:00.
[2026-08-15 04:08:30 PDT] Run start: target meeting 2026-09-03 (Agenda #3586), 19 days out.
[2026-08-15 04:08:30 PDT] Agenda: checking (19 days out, interval 0:15:00, A2507016 agenda-eligible — frequent).
[2026-08-15 04:08:43 PDT] Agenda: latest is 'Current Meeting Agenda for August 13, 2026 (Agenda #3585 - #6)'.
[2026-08-15 04:08:43 PDT] Agenda: does not match target 2026-09-03 (Agenda #3586) yet.
[2026-08-15 04:08:43 PDT] Hold List: skipped (agenda not yet confirmed).
[2026-08-15 04:08:43 PDT] Run complete.
[2026-08-15 04:31:56 PDT] Proceeding A2507016: not due yet (interval 3:00:00). Last checked 2026-08-15T02:02:02.265004-07:00.
[2026-08-15 04:31:56 PDT] Run start: target meeting 2026-09-03 (Agenda #3586), 19 days out.
[2026-08-15 04:31:56 PDT] Agenda: checking (19 days out, interval 0:15:00, A2507016 agenda-eligible — frequent).
[2026-08-15 04:32:09 PDT] Agenda: latest is 'Current Meeting Agenda for August 13, 2026 (Agenda #3585 - #6)'.
[2026-08-15 04:32:09 PDT] Agenda: does not match target 2026-09-03 (Agenda #3586) yet.
[2026-08-15 04:32:09 PDT] Hold List: skipped (agenda not yet confirmed).
[2026-08-15 04:32:09 PDT] Run complete.
[2026-08-15 04:48:30 PDT] Proceeding A2507016: not due yet (interval 3:00:00). Last checked 2026-08-15T02:02:02.265004-07:00.
[2026-08-15 04:48:30 PDT] Run start: target meeting 2026-09-03 (Agenda #3586), 19 days out.
[2026-08-15 04:48:30 PDT] Agenda: checking (19 days out, interval 0:15:00, A2507016 agenda-eligible — frequent).
[2026-08-15 04:48:43 PDT] Agenda: latest is 'Current Meeting Agenda for August 13, 2026 (Agenda #3585 - #6)'.
[2026-08-15 04:48:43 PDT] Agenda: does not match target 2026-09-03 (Agenda #3586) yet.
[2026-08-15 04:48:43 PDT] Hold List: skipped (agenda not yet confirmed).
[2026-08-15 04:48:43 PDT] Run complete.
[2026-08-15 04:59:50 PDT] Proceeding A2507016: not due yet (interval 3:00:00). Last checked 2026-08-15T02:02:02.265004-07:00.
[2026-08-15 04:59:50 PDT] Run start: target meeting 2026-09-03 (Agenda #3586), 19 days out.
[2026-08-15 04:59:50 PDT] Agenda: not due yet (19 days out, interval 0:15:00, A2507016 agenda-eligible — frequent). Last checked 2026-08-15T04:48:30.450578-07:00.
[2026-08-15 04:59:50 PDT] Hold List: skipped (agenda not yet confirmed).
[2026-08-15 04:59:50 PDT] Run complete.
[2026-08-15 05:46:58 PDT] Proceeding A2507016: checking Proposed Decisions list.
[2026-08-15 05:47:04 PDT] Proceeding A2507016: 20 PD list entries, 0 match the proceeding.
[2026-08-15 05:47:04 PDT] Run start: target meeting 2026-09-03 (Agenda #3586), 19 days out.
[2026-08-15 05:47:04 PDT] Agenda: checking (19 days out, interval 0:15:00, A2507016 agenda-eligible — frequent).
[2026-08-15 05:47:17 PDT] Agenda: latest is 'Current Meeting Agenda for August 13, 2026 (Agenda #3585 - #6)'.
[2026-08-15 05:47:17 PDT] Agenda: does not match target 2026-09-03 (Agenda #3586) yet.
[2026-08-15 05:47:17 PDT] Hold List: skipped (agenda not yet confirmed).
[2026-08-15 05:47:17 PDT] Run complete.
[2026-08-15 06:18:45 PDT] Proceeding A2507016: not due yet (interval 3:00:00). Last checked 2026-08-15T05:46:58.538277-07:00.
[2026-08-15 06:18:45 PDT] Run start: target meeting 2026-09-03 (Agenda #3586), 19 days out.
[2026-08-15 06:18:45 PDT] Agenda: checking (19 days out, interval 0:15:00, A2507016 agenda-eligible — frequent).
[2026-08-15 06:19:00 PDT] Agenda: latest is 'Current Meeting Agenda for August 13, 2026 (Agenda #3585 - #6)'.
[2026-08-15 06:19:00 PDT] Agenda: does not match target 2026-09-03 (Agenda #3586) yet.
[2026-08-15 06:19:00 PDT] Hold List: skipped (agenda not yet confirmed).
[2026-08-15 06:19:00 PDT] Run complete.
[2026-08-15 06:46:14 PDT] Proceeding A2507016: not due yet (interval 3:00:00). Last checked 2026-08-15T05:46:58.538277-07:00.
[2026-08-15 06:46:14 PDT] Run start: target meeting 2026-09-03 (Agenda #3586), 19 days out.
[2026-08-15 06:46:14 PDT] Agenda: checking (19 days out, interval 0:15:00, A2507016 agenda-eligible — frequent).
[2026-08-15 06:46:24 PDT] Agenda: latest is 'Current Meeting Agenda for August 13, 2026 (Agenda #3585 - #6)'.
[2026-08-15 06:46:24 PDT] Agenda: does not match target 2026-09-03 (Agenda #3586) yet.
[2026-08-15 06:46:24 PDT] Hold List: skipped (agenda not yet confirmed).
[2026-08-15 06:46:24 PDT] Run complete.
[2026-08-15 07:01:03 PDT] Proceeding A2507016: not due yet (interval 3:00:00). Last checked 2026-08-15T05:46:58.538277-07:00.
[2026-08-15 07:01:03 PDT] Run start: target meeting 2026-09-03 (Agenda #3586), 19 days out.
[2026-08-15 07:01:03 PDT] Agenda: not due yet (19 days out, interval 0:15:00, A2507016 agenda-eligible — frequent). Last checked 2026-08-15T06:46:14.724705-07:00.
[2026-08-15 07:01:03 PDT] Hold List: skipped (agenda not yet confirmed).
[2026-08-15 07:01:03 PDT] Run complete.
[2026-08-15 07:30:22 PDT] Proceeding A2507016: not due yet (interval 3:00:00). Last checked 2026-08-15T05:46:58.538277-07:00.
[2026-08-15 07:30:22 PDT] Run start: target meeting 2026-09-03 (Agenda #3586), 19 days out.
[2026-08-15 07:30:22 PDT] Agenda: checking (19 days out, interval 0:15:00, A2507016 agenda-eligible — frequent).
[2026-08-15 07:30:35 PDT] Agenda: latest is 'Current Meeting Agenda for August 13, 2026 (Agenda #3585 - #6)'.
[2026-08-15 07:30:35 PDT] Agenda: does not match target 2026-09-03 (Agenda #3586) yet.
[2026-08-15 07:30:35 PDT] Hold List: skipped (agenda not yet confirmed).
[2026-08-15 07:30:35 PDT] Run complete.
[2026-08-15 07:50:23 PDT] Proceeding A2507016: not due yet (interval 3:00:00). Last checked 2026-08-15T05:46:58.538277-07:00.
[2026-08-15 07:50:23 PDT] Run start: target meeting 2026-09-03 (Agenda #3586), 19 days out.
[2026-08-15 07:50:23 PDT] Agenda: checking (19 days out, interval 0:15:00, A2507016 agenda-eligible — frequent).
[2026-08-15 07:50:35 PDT] Agenda: latest is 'Current Meeting Agenda for August 13, 2026 (Agenda #3585 - #6)'.
[2026-08-15 07:50:35 PDT] Agenda: does not match target 2026-09-03 (Agenda #3586) yet.
[2026-08-15 07:50:35 PDT] Hold List: skipped (agenda not yet confirmed).
[2026-08-15 07:50:35 PDT] Run complete.
[2026-08-15 08:02:12 PDT] Proceeding A2507016: not due yet (interval 3:00:00). Last checked 2026-08-15T05:46:58.538277-07:00.
[2026-08-15 08:02:12 PDT] Run start: target meeting 2026-09-03 (Agenda #3586), 19 days out.
[2026-08-15 08:02:12 PDT] Agenda: not due yet (19 days out, interval 0:15:00, A2507016 agenda-eligible — frequent). Last checked 2026-08-15T07:50:23.077014-07:00.
[2026-08-15 08:02:12 PDT] Hold List: skipped (agenda not yet confirmed).
[2026-08-15 08:02:12 PDT] Run complete.
[2026-08-15 08:29:10 PDT] Proceeding A2507016: not due yet (interval 3:00:00). Last checked 2026-08-15T05:46:58.538277-07:00.
[2026-08-15 08:29:10 PDT] Run start: target meeting 2026-09-03 (Agenda #3586), 19 days out.
[2026-08-15 08:29:10 PDT] Agenda: checking (19 days out, interval 0:15:00, A2507016 agenda-eligible — frequent).
[2026-08-15 08:29:23 PDT] Agenda: latest is 'Current Meeting Agenda for August 13, 2026 (Agenda #3585 - #6)'.
[2026-08-15 08:29:23 PDT] Agenda: does not match target 2026-09-03 (Agenda #3586) yet.
[2026-08-15 08:29:23 PDT] Hold List: skipped (agenda not yet confirmed).
[2026-08-15 08:29:23 PDT] Run complete.
[2026-08-15 08:46:55 PDT] Proceeding A2507016: not due yet (interval 3:00:00). Last checked 2026-08-15T05:46:58.538277-07:00.
[2026-08-15 08:46:55 PDT] Run start: target meeting 2026-09-03 (Agenda #3586), 19 days out.
[2026-08-15 08:46:55 PDT] Agenda: checking (19 days out, interval 0:15:00, A2507016 agenda-eligible — frequent).
[2026-08-15 08:47:06 PDT] Agenda: latest is 'Current Meeting Agenda for August 13, 2026 (Agenda #3585 - #6)'.
[2026-08-15 08:47:06 PDT] Agenda: does not match target 2026-09-03 (Agenda #3586) yet.
[2026-08-15 08:47:06 PDT] Hold List: skipped (agenda not yet confirmed).
[2026-08-15 08:47:06 PDT] Run complete.
[2026-08-15 08:59:34 PDT] Proceeding A2507016: checking Proposed Decisions list.
[2026-08-15 08:59:39 PDT] Proceeding A2507016: 20 PD list entries, 0 match the proceeding.
[2026-08-15 08:59:39 PDT] Run start: target meeting 2026-09-03 (Agenda #3586), 19 days out.
[2026-08-15 08:59:39 PDT] Agenda: not due yet (19 days out, interval 0:15:00, A2507016 agenda-eligible — frequent). Last checked 2026-08-15T08:46:55.481149-07:00.
[2026-08-15 08:59:39 PDT] Hold List: skipped (agenda not yet confirmed).
[2026-08-15 08:59:39 PDT] Run complete.
[2026-08-15 09:29:49 PDT] Proceeding A2507016: not due yet (interval 3:00:00). Last checked 2026-08-15T08:59:34.057623-07:00.
[2026-08-15 09:29:49 PDT] Run start: target meeting 2026-09-03 (Agenda #3586), 19 days out.
[2026-08-15 09:29:49 PDT] Agenda: checking (19 days out, interval 0:15:00, A2507016 agenda-eligible — frequent).
[2026-08-15 09:30:00 PDT] Agenda: latest is 'Current Meeting Agenda for August 13, 2026 (Agenda #3585 - #6)'.
[2026-08-15 09:30:00 PDT] Agenda: does not match target 2026-09-03 (Agenda #3586) yet.
[2026-08-15 09:30:00 PDT] Hold List: skipped (agenda not yet confirmed).
[2026-08-15 09:30:00 PDT] Run complete.
[2026-08-15 09:51:44 PDT] Proceeding A2507016: not due yet (interval 3:00:00). Last checked 2026-08-15T08:59:34.057623-07:00.
[2026-08-15 09:51:44 PDT] Run start: target meeting 2026-09-03 (Agenda #3586), 19 days out.
[2026-08-15 09:51:44 PDT] Agenda: checking (19 days out, interval 0:15:00, A2507016 agenda-eligible — frequent).
[2026-08-15 09:52:00 PDT] Agenda: latest is 'Current Meeting Agenda for August 13, 2026 (Agenda #3585 - #6)'.
[2026-08-15 09:52:00 PDT] Agenda: does not match target 2026-09-03 (Agenda #3586) yet.
[2026-08-15 09:52:00 PDT] Hold List: skipped (agenda not yet confirmed).
[2026-08-15 09:52:00 PDT] Run complete.
[2026-08-15 10:08:26 PDT] Proceeding A2507016: not due yet (interval 3:00:00). Last checked 2026-08-15T08:59:34.057623-07:00.
[2026-08-15 10:08:26 PDT] Run start: target meeting 2026-09-03 (Agenda #3586), 19 days out.
[2026-08-15 10:08:26 PDT] Agenda: checking (19 days out, interval 0:15:00, A2507016 agenda-eligible — frequent).
[2026-08-15 10:08:39 PDT] Agenda: latest is 'Current Meeting Agenda for August 13, 2026 (Agenda #3585 - #6)'.
[2026-08-15 10:08:39 PDT] Agenda: does not match target 2026-09-03 (Agenda #3586) yet.
[2026-08-15 10:08:39 PDT] Hold List: skipped (agenda not yet confirmed).
[2026-08-15 10:08:39 PDT] Run complete.
[2026-08-15 10:32:11 PDT] Proceeding A2507016: not due yet (interval 3:00:00). Last checked 2026-08-15T08:59:34.057623-07:00.
[2026-08-15 10:32:11 PDT] Run start: target meeting 2026-09-03 (Agenda #3586), 19 days out.
[2026-08-15 10:32:11 PDT] Agenda: checking (19 days out, interval 0:15:00, A2507016 agenda-eligible — frequent).
[2026-08-15 10:32:27 PDT] Agenda: latest is 'Current Meeting Agenda for August 13, 2026 (Agenda #3585 - #6)'.
[2026-08-15 10:32:27 PDT] Agenda: does not match target 2026-09-03 (Agenda #3586) yet.
[2026-08-15 10:32:27 PDT] Hold List: skipped (agenda not yet confirmed).
[2026-08-15 10:32:27 PDT] Run complete.
[2026-08-15 10:50:08 PDT] Proceeding A2507016: not due yet (interval 3:00:00). Last checked 2026-08-15T08:59:34.057623-07:00.
[2026-08-15 10:50:08 PDT] Run start: target meeting 2026-09-03 (Agenda #3586), 19 days out.
[2026-08-15 10:50:08 PDT] Agenda: checking (19 days out, interval 0:15:00, A2507016 agenda-eligible — frequent).
[2026-08-15 10:50:24 PDT] Agenda: latest is 'Current Meeting Agenda for August 13, 2026 (Agenda #3585 - #6)'.
[2026-08-15 10:50:24 PDT] Agenda: does not match target 2026-09-03 (Agenda #3586) yet.
[2026-08-15 10:50:24 PDT] Hold List: skipped (agenda not yet confirmed).
[2026-08-15 10:50:24 PDT] Run complete.
[2026-08-15 11:00:28 PDT] Proceeding A2507016: not due yet (interval 3:00:00). Last checked 2026-08-15T08:59:34.057623-07:00.
[2026-08-15 11:00:28 PDT] Run start: target meeting 2026-09-03 (Agenda #3586), 19 days out.
[2026-08-15 11:00:28 PDT] Agenda: not due yet (19 days out, interval 0:15:00, A2507016 agenda-eligible — frequent). Last checked 2026-08-15T10:50:08.665058-07:00.
[2026-08-15 11:00:28 PDT] Hold List: skipped (agenda not yet confirmed).
[2026-08-15 11:00:28 PDT] Run complete.
[2026-08-15 11:38:18 PDT] Proceeding A2507016: not due yet (interval 3:00:00). Last checked 2026-08-15T08:59:34.057623-07:00.
[2026-08-15 11:38:18 PDT] Run start: target meeting 2026-09-03 (Agenda #3586), 19 days out.
[2026-08-15 11:38:18 PDT] Agenda: checking (19 days out, interval 0:15:00, A2507016 agenda-eligible — frequent).
[2026-08-15 11:38:33 PDT] Agenda: latest is 'Current Meeting Agenda for August 13, 2026 (Agenda #3585 - #6)'.
[2026-08-15 11:38:33 PDT] Agenda: does not match target 2026-09-03 (Agenda #3586) yet.
[2026-08-15 11:38:33 PDT] Hold List: skipped (agenda not yet confirmed).
[2026-08-15 11:38:33 PDT] Run complete.
[2026-08-15 12:00:37 PDT] Proceeding A2507016: checking Proposed Decisions list.
[2026-08-15 12:00:43 PDT] Proceeding A2507016: 20 PD list entries, 0 match the proceeding.
[2026-08-15 12:00:43 PDT] Run start: target meeting 2026-09-03 (Agenda #3586), 19 days out.
[2026-08-15 12:00:43 PDT] Agenda: checking (19 days out, interval 0:15:00, A2507016 agenda-eligible — frequent).
[2026-08-15 12:00:54 PDT] Agenda: latest is 'Current Meeting Agenda for August 13, 2026 (Agenda #3585 - #6)'.
[2026-08-15 12:00:54 PDT] Agenda: does not match target 2026-09-03 (Agenda #3586) yet.
[2026-08-15 12:00:54 PDT] Hold List: skipped (agenda not yet confirmed).
[2026-08-15 12:00:54 PDT] Run complete.
[2026-08-15 12:26:44 PDT] Proceeding A2507016: not due yet (interval 3:00:00). Last checked 2026-08-15T12:00:37.178134-07:00.
[2026-08-15 12:26:44 PDT] Run start: target meeting 2026-09-03 (Agenda #3586), 19 days out.
[2026-08-15 12:26:44 PDT] Agenda: checking (19 days out, interval 0:15:00, A2507016 agenda-eligible — frequent).
[2026-08-15 12:26:57 PDT] Agenda: latest is 'Current Meeting Agenda for August 13, 2026 (Agenda #3585 - #6)'.
[2026-08-15 12:26:57 PDT] Agenda: does not match target 2026-09-03 (Agenda #3586) yet.
[2026-08-15 12:26:57 PDT] Hold List: skipped (agenda not yet confirmed).
[2026-08-15 12:26:58 PDT] Run complete.
[2026-08-15 12:43:39 PDT] Proceeding A2507016: not due yet (interval 3:00:00). Last checked 2026-08-15T12:00:37.178134-07:00.
[2026-08-15 12:43:39 PDT] Run start: target meeting 2026-09-03 (Agenda #3586), 19 days out.
[2026-08-15 12:43:39 PDT] Agenda: checking (19 days out, interval 0:15:00, A2507016 agenda-eligible — frequent).
[2026-08-15 12:43:51 PDT] Agenda: latest is 'Current Meeting Agenda for August 13, 2026 (Agenda #3585 - #6)'.
[2026-08-15 12:43:51 PDT] Agenda: does not match target 2026-09-03 (Agenda #3586) yet.
[2026-08-15 12:43:51 PDT] Hold List: skipped (agenda not yet confirmed).
[2026-08-15 12:43:51 PDT] Run complete.
[2026-08-15 12:56:39 PDT] Proceeding A2507016: not due yet (interval 3:00:00). Last checked 2026-08-15T12:00:37.178134-07:00.
[2026-08-15 12:56:39 PDT] Run start: target meeting 2026-09-03 (Agenda #3586), 19 days out.
[2026-08-15 12:56:39 PDT] Agenda: not due yet (19 days out, interval 0:15:00, A2507016 agenda-eligible — frequent). Last checked 2026-08-15T12:43:39.234763-07:00.
[2026-08-15 12:56:39 PDT] Hold List: skipped (agenda not yet confirmed).
[2026-08-15 12:56:39 PDT] Run complete.
[2026-08-15 13:18:05 PDT] Proceeding A2507016: not due yet (interval 3:00:00). Last checked 2026-08-15T12:00:37.178134-07:00.
[2026-08-15 13:18:05 PDT] Run start: target meeting 2026-09-03 (Agenda #3586), 19 days out.
[2026-08-15 13:18:05 PDT] Agenda: checking (19 days out, interval 0:15:00, A2507016 agenda-eligible — frequent).
[2026-08-15 13:18:20 PDT] Agenda: latest is 'Current Meeting Agenda for August 13, 2026 (Agenda #3585 - #6)'.
[2026-08-15 13:18:20 PDT] Agenda: does not match target 2026-09-03 (Agenda #3586) yet.
[2026-08-15 13:18:20 PDT] Hold List: skipped (agenda not yet confirmed).
[2026-08-15 13:18:20 PDT] Run complete.
[2026-08-15 13:42:11 PDT] Proceeding A2507016: not due yet (interval 3:00:00). Last checked 2026-08-15T12:00:37.178134-07:00.
[2026-08-15 13:42:11 PDT] Run start: target meeting 2026-09-03 (Agenda #3586), 19 days out.
[2026-08-15 13:42:11 PDT] Agenda: checking (19 days out, interval 0:15:00, A2507016 agenda-eligible — frequent).
[2026-08-15 13:42:20 PDT] Agenda: latest is 'Current Meeting Agenda for August 13, 2026 (Agenda #3585 - #6)'.
[2026-08-15 13:42:20 PDT] Agenda: does not match target 2026-09-03 (Agenda #3586) yet.
[2026-08-15 13:42:20 PDT] Hold List: skipped (agenda not yet confirmed).
[2026-08-15 13:42:20 PDT] Run complete.
[2026-08-15 13:59:05 PDT] Proceeding A2507016: not due yet (interval 3:00:00). Last checked 2026-08-15T12:00:37.178134-07:00.
[2026-08-15 13:59:05 PDT] Run start: target meeting 2026-09-03 (Agenda #3586), 19 days out.
[2026-08-15 13:59:05 PDT] Agenda: checking (19 days out, interval 0:15:00, A2507016 agenda-eligible — frequent).
[2026-08-15 13:59:15 PDT] Agenda: latest is 'Current Meeting Agenda for August 13, 2026 (Agenda #3585 - #6)'.
[2026-08-15 13:59:15 PDT] Agenda: does not match target 2026-09-03 (Agenda #3586) yet.
[2026-08-15 13:59:15 PDT] Hold List: skipped (agenda not yet confirmed).
[2026-08-15 13:59:15 PDT] Run complete.
[2026-08-15 14:23:43 PDT] Proceeding A2507016: not due yet (interval 3:00:00). Last checked 2026-08-15T12:00:37.178134-07:00.
[2026-08-15 14:23:43 PDT] Run start: target meeting 2026-09-03 (Agenda #3586), 19 days out.
[2026-08-15 14:23:43 PDT] Agenda: checking (19 days out, interval 0:15:00, A2507016 agenda-eligible — frequent).
[2026-08-15 14:23:53 PDT] Agenda: latest is 'Current Meeting Agenda for August 13, 2026 (Agenda #3585 - #6)'.
[2026-08-15 14:23:53 PDT] Agenda: does not match target 2026-09-03 (Agenda #3586) yet.
[2026-08-15 14:23:53 PDT] Hold List: skipped (agenda not yet confirmed).
[2026-08-15 14:23:53 PDT] Run complete.
[2026-08-15 14:41:19 PDT] Proceeding A2507016: not due yet (interval 3:00:00). Last checked 2026-08-15T12:00:37.178134-07:00.
[2026-08-15 14:41:19 PDT] Run start: target meeting 2026-09-03 (Agenda #3586), 19 days out.
[2026-08-15 14:41:19 PDT] Agenda: checking (19 days out, interval 0:15:00, A2507016 agenda-eligible — frequent).
[2026-08-15 14:41:34 PDT] Agenda: latest is 'Current Meeting Agenda for August 13, 2026 (Agenda #3585 - #6)'.
[2026-08-15 14:41:34 PDT] Agenda: does not match target 2026-09-03 (Agenda #3586) yet.
[2026-08-15 14:41:34 PDT] Hold List: skipped (agenda not yet confirmed).
[2026-08-15 14:41:34 PDT] Run complete.
[2026-08-15 14:56:22 PDT] Proceeding A2507016: not due yet (interval 3:00:00). Last checked 2026-08-15T12:00:37.178134-07:00.
[2026-08-15 14:56:22 PDT] Run start: target meeting 2026-09-03 (Agenda #3586), 19 days out.
[2026-08-15 14:56:22 PDT] Agenda: checking (19 days out, interval 0:15:00, A2507016 agenda-eligible — frequent).
[2026-08-15 14:56:33 PDT] Agenda: latest is 'Current Meeting Agenda for August 13, 2026 (Agenda #3585 - #6)'.
[2026-08-15 14:56:33 PDT] Agenda: does not match target 2026-09-03 (Agenda #3586) yet.
[2026-08-15 14:56:33 PDT] Hold List: skipped (agenda not yet confirmed).
[2026-08-15 14:56:33 PDT] Run complete.
[2026-08-15 15:16:36 PDT] Proceeding A2507016: checking Proposed Decisions list.
[2026-08-15 15:16:41 PDT] Proceeding A2507016: 20 PD list entries, 0 match the proceeding.
[2026-08-15 15:16:41 PDT] Run start: target meeting 2026-09-03 (Agenda #3586), 19 days out.
[2026-08-15 15:16:41 PDT] Agenda: checking (19 days out, interval 0:15:00, A2507016 agenda-eligible — frequent).
[2026-08-15 15:16:52 PDT] Agenda: latest is 'Current Meeting Agenda for August 13, 2026 (Agenda #3585 - #6)'.
[2026-08-15 15:16:52 PDT] Agenda: does not match target 2026-09-03 (Agenda #3586) yet.
[2026-08-15 15:16:52 PDT] Hold List: skipped (agenda not yet confirmed).
[2026-08-15 15:16:52 PDT] Run complete.
[2026-08-15 15:40:46 PDT] Proceeding A2507016: not due yet (interval 3:00:00). Last checked 2026-08-15T15:16:36.033441-07:00.
[2026-08-15 15:40:46 PDT] Run start: target meeting 2026-09-03 (Agenda #3586), 19 days out.
[2026-08-15 15:40:46 PDT] Agenda: checking (19 days out, interval 0:15:00, A2507016 agenda-eligible — frequent).
[2026-08-15 15:40:56 PDT] Agenda: latest is 'Current Meeting Agenda for August 13, 2026 (Agenda #3585 - #6)'.
[2026-08-15 15:40:56 PDT] Agenda: does not match target 2026-09-03 (Agenda #3586) yet.
[2026-08-15 15:40:56 PDT] Hold List: skipped (agenda not yet confirmed).
[2026-08-15 15:40:56 PDT] Run complete.
[2026-08-15 15:57:24 PDT] Proceeding A2507016: not due yet (interval 3:00:00). Last checked 2026-08-15T15:16:36.033441-07:00.
[2026-08-15 15:57:24 PDT] Run start: target meeting 2026-09-03 (Agenda #3586), 19 days out.
[2026-08-15 15:57:24 PDT] Agenda: checking (19 days out, interval 0:15:00, A2507016 agenda-eligible — frequent).
[2026-08-15 15:57:35 PDT] Agenda: latest is 'Current Meeting Agenda for August 13, 2026 (Agenda #3585 - #6)'.
[2026-08-15 15:57:35 PDT] Agenda: does not match target 2026-09-03 (Agenda #3586) yet.
[2026-08-15 15:57:35 PDT] Hold List: skipped (agenda not yet confirmed).
[2026-08-15 15:57:35 PDT] Run complete.
[2026-08-15 16:18:12 PDT] Proceeding A2507016: not due yet (interval 3:00:00). Last checked 2026-08-15T15:16:36.033441-07:00.
[2026-08-15 16:18:12 PDT] Run start: target meeting 2026-09-03 (Agenda #3586), 19 days out.
[2026-08-15 16:18:12 PDT] Agenda: checking (19 days out, interval 0:15:00, A2507016 agenda-eligible — frequent).
[2026-08-15 16:18:26 PDT] Agenda: latest is 'Current Meeting Agenda for August 13, 2026 (Agenda #3585 - #6)'.
[2026-08-15 16:18:26 PDT] Agenda: does not match target 2026-09-03 (Agenda #3586) yet.
[2026-08-15 16:18:26 PDT] Hold List: skipped (agenda not yet confirmed).
[2026-08-15 16:18:26 PDT] Run complete.
[2026-08-15 16:38:04 PDT] Proceeding A2507016: not due yet (interval 3:00:00). Last checked 2026-08-15T15:16:36.033441-07:00.
[2026-08-15 16:38:04 PDT] Run start: target meeting 2026-09-03 (Agenda #3586), 19 days out.
[2026-08-15 16:38:04 PDT] Agenda: checking (19 days out, interval 0:15:00, A2507016 agenda-eligible — frequent).
[2026-08-15 16:38:14 PDT] Agenda: latest is 'Current Meeting Agenda for August 13, 2026 (Agenda #3585 - #6)'.
[2026-08-15 16:38:14 PDT] Agenda: does not match target 2026-09-03 (Agenda #3586) yet.
[2026-08-15 16:38:14 PDT] Hold List: skipped (agenda not yet confirmed).
[2026-08-15 16:38:14 PDT] Run complete.
